  0
SECTION
  2
HEADER
  9
$ACADVER
  1
AC1009
  9
$DWGCODEPAGE
  3
ANSI_1252
  9
$INSBASE
 10
0.0
 20
0.0
 30
0.0
  9
$EXTMIN
 10
1e+20
 20
1e+20
 30
1e+20
  9
$EXTMAX
 10
-1e+20
 20
-1e+20
 30
-1e+20
  9
$LIMMIN
 10
0.0
 20
0.0
  9
$LIMMAX
 10
420.0
 20
297.0
  9
$ORTHOMODE
 70
0
  9
$REGENMODE
 70
1
  9
$FILLMODE
 70
1
  9
$DRAGMODE
 70
2
  9
$QTEXTMODE
 70
0
  9
$MIRRTEXT
 70
1
  9
$OSMODE
 70
20583
  9
$LTSCALE
 40
1.0
  9
$ATTMODE
 70
1
  9
$TEXTSIZE
 40
2.5
  9
$TRACEWID
 40
1.0
  9
$TEXTSTYLE
  7
Standard
  9
$CLAYER
  8
0
  9
$CELTYPE
  6
ByLayer
  9
$CECOLOR
 62
256
  9
$DIMSCALE
 40
1.0
  9
$DIMASZ
 40
2.5
  9
$DIMEXO
 40
0.625
  9
$DIMDLI
 40
3.75
  9
$DIMRND
 40
0.0
  9
$DIMDLE
 40
0.0
  9
$DIMEXE
 40
1.25
  9
$DIMTP
 40
0.0
  9
$DIMTM
 40
0.0
  9
$DIMTXT
 40
2.5
  9
$DIMCEN
 40
2.5
  9
$DIMTSZ
 40
0.0
  9
$DIMTOL
 70
0
  9
$DIMLIM
 70
0
  9
$DIMTIH
 70
0
  9
$DIMTOH
 70
0
  9
$DIMSE1
 70
0
  9
$DIMSE2
 70
0
  9
$DIMTAD
 70
1
  9
$DIMZIN
 70
8
  9
$DIMBLK
  1

  9
$DIMASO
 70
1
  9
$DIMSHO
 70
1
  9
$DIMPOST
  1

  9
$DIMAPOST
  1

  9
$DIMALT
 70
0
  9
$DIMALTD
 70
3
  9
$DIMALTF
 40
0.03937007874
  9
$DIMLFAC
 40
1.0
  9
$DIMTOFL
 70
1
  9
$DIMTVP
 40
0.0
  9
$DIMTIX
 70
0
  9
$DIMSOXD
 70
0
  9
$DIMSAH
 70
0
  9
$DIMBLK1
  1

  9
$DIMBLK2
  1

  9
$DIMSTYLE
  2
ISO-25
  9
$DIMCLRD
 70
0
  9
$DIMCLRE
 70
0
  9
$DIMCLRT
 70
0
  9
$DIMTFAC
 40
1.0
  9
$DIMGAP
 40
0.625
  9
$COORDS
 70
1
  9
$ATTDIA
 70
0
  9
$ATTREQ
 70
1
  9
$HANDLING
 70
1
  9
$LUNITS
 70
2
  9
$LUPREC
 70
4
  9
$SKETCHINC
 40
1.0
  9
$FILLETRAD
 40
10.0
  9
$AUNITS
 70
0
  9
$AUPREC
 70
2
  9
$MENU
  1
.
  9
$ELEVATION
 40
0.0
  9
$PELEVATION
 40
0.0
  9
$THICKNESS
 40
0.0
  9
$LIMCHECK
 70
0
  9
$CHAMFERA
 40
0.0
  9
$CHAMFERB
 40
0.0
  9
$SKPOLY
 70
0
  9
$TDCREATE
 40
2461267.233252315
  9
$TDUPDATE
 40
2461267.233252315
  9
$TDINDWG
 40
0.0
  9
$TDUSRTIMER
 40
0.0
  9
$USRTIMER
 70
1
  9
$ANGBASE
 50
0.0
  9
$ANGDIR
 70
0
  9
$PDMODE
 70
0
  9
$PDSIZE
 40
0.0
  9
$PLINEWID
 40
0.0
  9
$SPLFRAME
 70
0
  9
$SPLINETYPE
 70
6
  9
$SPLINESEGS
 70
8
  9
$HANDSEED
  5
A0D
  9
$SURFTAB1
 70
6
  9
$SURFTAB2
 70
6
  9
$SURFTYPE
 70
6
  9
$SURFU
 70
6
  9
$SURFV
 70
6
  9
$UCSNAME
  2

  9
$UCSORG
 10
0.0
 20
0.0
 30
0.0
  9
$UCSXDIR
 10
1.0
 20
0.0
 30
0.0
  9
$UCSYDIR
 10
0.0
 20
1.0
 30
0.0
  9
$PUCSNAME
  2

  9
$PUCSORG
 10
0.0
 20
0.0
 30
0.0
  9
$PUCSXDIR
 10
1.0
 20
0.0
 30
0.0
  9
$PUCSYDIR
 10
0.0
 20
1.0
 30
0.0
  9
$USERI1
 70
0
  9
$USERI2
 70
0
  9
$USERI3
 70
0
  9
$USERI4
 70
0
  9
$USERI5
 70
0
  9
$USERR1
 40
0.0
  9
$USERR2
 40
0.0
  9
$USERR3
 40
0.0
  9
$USERR4
 40
0.0
  9
$USERR5
 40
0.0
  9
$WORLDVIEW
 70
1
  9
$SHADEDGE
 70
3
  9
$SHADEDIF
 70
70
  9
$TILEMODE
 70
1
  9
$MAXACTVP
 70
64
  9
$PLIMCHECK
 70
0
  9
$PEXTMIN
 10
1e+20
 20
1e+20
 30
1e+20
  9
$PEXTMAX
 10
-1e+20
 20
-1e+20
 30
-1e+20
  9
$PLIMMIN
 10
0.0
 20
0.0
  9
$PLIMMAX
 10
420.0
 20
297.0
  9
$UNITMODE
 70
0
  9
$VISRETAIN
 70
1
  9
$PLINEGEN
 70
0
  9
$PSLTSCALE
 70
1
  0
ENDSEC
  0
SECTION
  2
TABLES
  0
TABLE
  2
VPORT
 70
1
  0
VPORT
  5
23
  2
*Active
 70
0
 10
0.0
 20
0.0
 11
1.0
 21
1.0
 12
0.0
 22
0.0
 13
0.0
 23
0.0
 14
0.5
 24
0.5
 15
0.5
 25
0.5
 16
0.0
 26
0.0
 36
1.0
 17
0.0
 27
0.0
 37
0.0
 40
1000.0
 41
1.34
 42
50.0
 43
0.0
 44
0.0
 50
0.0
 51
0.0
 71
0
 72
1000
 73
1
 74
3
 75
0
 76
0
 77
0
 78
0
  0
ENDTAB
  0
TABLE
  2
LTYPE
 70
3
  0
LTYPE
  5
24
  2
ByBlock
 70
0
  3

 72
65
 73
0
 40
0.0
  0
LTYPE
  5
25
  2
ByLayer
 70
0
  3

 72
65
 73
0
 40
0.0
  0
LTYPE
  5
26
  2
Continuous
 70
0
  3

 72
65
 73
0
 40
0.0
  0
ENDTAB
  0
TABLE
  2
LAYER
 70
4
  0
LAYER
  5
27
  2
0
 70
0
 62
7
  6
Continuous
  0
LAYER
  5
28
  2
Defpoints
 70
0
 62
7
  6
Continuous
  0
LAYER
  5
2D
  2
CUT
 70
0
 62
1
  6
Continuous
  0
LAYER
  5
2E
  2
ENGRAVE
 70
0
 62
5
  6
Continuous
  0
ENDTAB
  0
TABLE
  2
STYLE
 70
1
  0
STYLE
  5
29
  2
Standard
 70
0
 40
0.0
 41
1.0
 50
0.0
 71
0
 42
2.5
  3
txt
  4

  0
ENDTAB
  0
TABLE
  2
VIEW
 70
0
  0
ENDTAB
  0
TABLE
  2
UCS
 70
0
  0
ENDTAB
  0
TABLE
  2
APPID
 70
3
  0
APPID
  5
2A
  2
ACAD
 70
0
  0
APPID
  5
A0B
  2
HATCHBACKGROUNDCOLOR
 70
0
  0
APPID
  5
A0C
  2
EZDXF
 70
0
  0
ENDTAB
  0
TABLE
  2
DIMSTYLE
 70
1
  0
DIMSTYLE
105
2B
  2
Standard
 70
0
  3

  4

  5

  6

  7

 40
1.0
 41
2.5
 42
0.625
 43
3.75
 44
1.25
 45
0.0
 46
0.0
 47
0.0
 48
0.0
140
2.5
141
2.5
142
0.0
143
0.03937007874
144
1.0
145
0.0
146
1.0
147
0.625
 71
0
 72
0
 73
0
 74
0
 75
0
 76
0
 77
1
 78
8
170
0
171
3
172
1
173
0
174
0
175
0
176
0
177
0
178
0
  0
ENDTAB
  0
ENDSEC
  0
SECTION
  2
BLOCKS
  0
BLOCK
  5
18
  8
0
  2
$Model_Space
 70
0
 10
0.0
 20
0.0
 30
0.0
  3
$Model_Space
  1

1001
EZDXF
1000
CREATED_BY_EZDXF
1000
1.4.4 @ 2026-08-14T03:35:53.375836+00:00
1000
WRITTEN_BY_EZDXF
1000
1.4.4 @ 2026-08-14T03:35:53.454740+00:00
  0
ENDBLK
  5
19
  8
0
  0
BLOCK
  5
1C
  8
0
  2
$Paper_Space
 70
0
 10
0.0
 20
0.0
 30
0.0
  3
$Paper_Space
  1

  0
ENDBLK
  5
1D
  8
0
  0
ENDSEC
  0
SECTION
  2
ENTITIES
  0
POLYLINE
  5
2F
  8
CUT
 66
1
 10
0.0
 20
0.0
 30
0.0
 70
1
  0
VERTEX
  5
31
  8
CUT
 10
100.0
 20
50.0
 30
0.0
 70
0
  0
VERTEX
  5
32
  8
CUT
 10
99.987961769104
 20
50.24504284858704
 30
0.0
 70
0
  0
VERTEX
  5
33
  8
CUT
 10
99.75923538208008
 20
54.90085697174072
 30
0.0
 70
0
  0
VERTEX
  5
34
  8
CUT
 10
99.72323684692383
 20
55.143539905548096
 30
0.0
 70
0
  0
VERTEX
  5
35
  8
CUT
 10
99.03926467895508
 20
59.754515647888184
 30
0.0
 70
0
  0
VERTEX
  5
36
  8
CUT
 10
98.97965221405029
 20
59.99250154495239
 30
0.0
 70
0
  0
VERTEX
  5
37
  8
CUT
 10
97.84701538085938
 20
64.51423358917236
 30
0.0
 70
0
  0
VERTEX
  5
38
  8
CUT
 10
97.76436347961426
 20
64.7452305316925
 30
0.0
 70
0
  0
VERTEX
  5
39
  8
CUT
 10
96.19397735595703
 20
69.1341724395752
 30
0.0
 70
0
  0
VERTEX
  5
3A
  8
CUT
 10
96.08908157348633
 20
69.35595569610595
 30
0.0
 70
0
  0
VERTEX
  5
3B
  8
CUT
 10
94.09606170654297
 20
73.56983757019043
 30
0.0
 70
0
  0
VERTEX
  5
3C
  8
CUT
 10
93.96993274688721
 20
73.78027124404908
 30
0.0
 70
0
  0
VERTEX
  5
3D
  8
CUT
 10
91.57348251342773
 20
77.77851104736328
 30
0.0
 70
0
  0
VERTEX
  5
3E
  8
CUT
 10
91.42733459472656
 20
77.97556867599488
 30
0.0
 70
0
  0
VERTEX
  5
3F
  8
CUT
 10
88.6505241394043
 20
81.71966361999512
 30
0.0
 70
0
  0
VERTEX
  5
40
  8
CUT
 10
88.48576488494874
 20
81.90144739151
 30
0.0
 70
0
  0
VERTEX
  5
41
  8
CUT
 10
85.35533905029297
 20
85.35533905029297
 30
0.0
 70
0
  0
VERTEX
  5
42
  8
CUT
 10
85.17355527877808
 20
85.52009830474853
 30
0.0
 70
0
  0
VERTEX
  5
43
  8
CUT
 10
81.71966361999512
 20
88.6505241394043
 30
0.0
 70
0
  0
VERTEX
  5
44
  8
CUT
 10
81.52260599136352
 20
88.79667205810547
 30
0.0
 70
0
  0
VERTEX
  5
45
  8
CUT
 10
77.77851104736328
 20
91.57348251342773
 30
0.0
 70
0
  0
VERTEX
  5
46
  8
CUT
 10
77.56807737350464
 20
91.6996114730835
 30
0.0
 70
0
  0
VERTEX
  5
47
  8
CUT
 10
73.56983757019043
 20
94.09606170654297
 30
0.0
 70
0
  0
VERTEX
  5
48
  8
CUT
 10
73.34805431365967
 20
94.20095748901367
 30
0.0
 70
0
  0
VERTEX
  5
49
  8
CUT
 10
69.1341724395752
 20
96.19397735595703
 30
0.0
 70
0
  0
VERTEX
  5
4A
  8
CUT
 10
68.90317549705506
 20
96.27662925720215
 30
0.0
 70
0
  0
VERTEX
  5
4B
  8
CUT
 10
64.51423358917236
 20
97.84701538085938
 30
0.0
 70
0
  0
VERTEX
  5
4C
  8
CUT
 10
64.27624769210816
 20
97.90662784576416
 30
0.0
 70
0
  0
VERTEX
  5
4D
  8
CUT
 10
59.754515647888184
 20
99.03926467895508
 30
0.0
 70
0
  0
VERTEX
  5
4E
  8
CUT
 10
59.51183271408081
 20
99.07526321411133
 30
0.0
 70
0
  0
VERTEX
  5
4F
  8
CUT
 10
54.90085697174072
 20
99.75923538208008
 30
0.0
 70
0
  0
VERTEX
  5
50
  8
CUT
 10
54.65581412315369
 20
99.77127361297607
 30
0.0
 70
0
  0
VERTEX
  5
51
  8
CUT
 10
50.0
 20
100.0
 30
0.0
 70
0
  0
VERTEX
  5
52
  8
CUT
 10
49.75495715141297
 20
99.987961769104
 30
0.0
 70
0
  0
VERTEX
  5
53
  8
CUT
 10
45.09914302825928
 20
99.75923538208008
 30
0.0
 70
0
  0
VERTEX
  5
54
  8
CUT
 10
44.856460094451904
 20
99.72323684692383
 30
0.0
 70
0
  0
VERTEX
  5
55
  8
CUT
 10
40.245484352111816
 20
99.03926467895508
 30
0.0
 70
0
  0
VERTEX
  5
56
  8
CUT
 10
40.00749845504761
 20
98.97965221405029
 30
0.0
 70
0
  0
VERTEX
  5
57
  8
CUT
 10
35.48576641082764
 20
97.84701538085938
 30
0.0
 70
0
  0
VERTEX
  5
58
  8
CUT
 10
35.254769468307494
 20
97.76436347961426
 30
0.0
 70
0
  0
VERTEX
  5
59
  8
CUT
 10
30.865827560424805
 20
96.19397735595703
 30
0.0
 70
0
  0
VERTEX
  5
5A
  8
CUT
 10
30.64404430389404
 20
96.08908157348633
 30
0.0
 70
0
  0
VERTEX
  5
5B
  8
CUT
 10
26.43016242980957
 20
94.09606170654297
 30
0.0
 70
0
  0
VERTEX
  5
5C
  8
CUT
 10
26.21972875595093
 20
93.96993274688721
 30
0.0
 70
0
  0
VERTEX
  5
5D
  8
CUT
 10
22.22148895263672
 20
91.57348251342773
 30
0.0
 70
0
  0
VERTEX
  5
5E
  8
CUT
 10
22.02443132400513
 20
91.42733459472656
 30
0.0
 70
0
  0
VERTEX
  5
5F
  8
CUT
 10
18.280336380004883
 20
88.6505241394043
 30
0.0
 70
0
  0
VERTEX
  5
60
  8
CUT
 10
18.09855260848999
 20
88.48576488494874
 30
0.0
 70
0
  0
VERTEX
  5
61
  8
CUT
 10
14.644660949707031
 20
85.35533905029297
 30
0.0
 70
0
  0
VERTEX
  5
62
  8
CUT
 10
14.479901695251463
 20
85.17355527877808
 30
0.0
 70
0
  0
VERTEX
  5
63
  8
CUT
 10
11.349475860595703
 20
81.71966361999512
 30
0.0
 70
0
  0
VERTEX
  5
64
  8
CUT
 10
11.203327941894528
 20
81.52260599136352
 30
0.0
 70
0
  0
VERTEX
  5
65
  8
CUT
 10
8.426517486572266
 20
77.77851104736328
 30
0.0
 70
0
  0
VERTEX
  5
66
  8
CUT
 10
8.300388526916507
 20
77.56807737350464
 30
0.0
 70
0
  0
VERTEX
  5
67
  8
CUT
 10
5.903938293457031
 20
73.56983757019043
 30
0.0
 70
0
  0
VERTEX
  5
68
  8
CUT
 10
5.799042510986325
 20
73.34805431365967
 30
0.0
 70
0
  0
VERTEX
  5
69
  8
CUT
 10
3.8060226440429688
 20
69.1341724395752
 30
0.0
 70
0
  0
VERTEX
  5
6A
  8
CUT
 10
3.7233707427978544
 20
68.90317549705506
 30
0.0
 70
0
  0
VERTEX
  5
6B
  8
CUT
 10
2.152984619140625
 20
64.51423358917236
 30
0.0
 70
0
  0
VERTEX
  5
6C
  8
CUT
 10
2.093372154235837
 20
64.27624769210816
 30
0.0
 70
0
  0
VERTEX
  5
6D
  8
CUT
 10
0.9607353210449219
 20
59.754515647888184
 30
0.0
 70
0
  0
VERTEX
  5
6E
  8
CUT
 10
0.924736785888669
 20
59.51183271408081
 30
0.0
 70
0
  0
VERTEX
  5
6F
  8
CUT
 10
0.24076461791992188
 20
54.90085697174072
 30
0.0
 70
0
  0
VERTEX
  5
70
  8
CUT
 10
0.22872638702392578
 20
54.65581412315369
 30
0.0
 70
0
  0
VERTEX
  5
71
  8
CUT
 10
0.0
 20
49.99999999999999
 30
0.0
 70
0
  0
VERTEX
  5
72
  8
CUT
 10
0.012038230895996094
 20
49.75495715141295
 30
0.0
 70
0
  0
VERTEX
  5
73
  8
CUT
 10
0.24076461791992188
 20
45.09914302825928
 30
0.0
 70
0
  0
VERTEX
  5
74
  8
CUT
 10
0.2767631530761747
 20
44.856460094451904
 30
0.0
 70
0
  0
VERTEX
  5
75
  8
CUT
 10
0.9607353210449219
 20
40.245484352111816
 30
0.0
 70
0
  0
VERTEX
  5
76
  8
CUT
 10
1.0203477859497099
 20
40.00749845504761
 30
0.0
 70
0
  0
VERTEX
  5
77
  8
CUT
 10
2.152984619140625
 20
35.48576641082764
 30
0.0
 70
0
  0
VERTEX
  5
78
  8
CUT
 10
2.2356365203857393
 20
35.254769468307494
 30
0.0
 70
0
  0
VERTEX
  5
79
  8
CUT
 10
3.8060226440429688
 20
30.865827560424805
 30
0.0
 70
0
  0
VERTEX
  5
7A
  8
CUT
 10
3.9109184265136747
 20
30.64404430389404
 30
0.0
 70
0
  0
VERTEX
  5
7B
  8
CUT
 10
5.903938293457031
 20
26.43016242980957
 30
0.0
 70
0
  0
VERTEX
  5
7C
  8
CUT
 10
6.03006725311279
 20
26.21972875595093
 30
0.0
 70
0
  0
VERTEX
  5
7D
  8
CUT
 10
8.426517486572266
 20
22.22148895263672
 30
0.0
 70
0
  0
VERTEX
  5
7E
  8
CUT
 10
8.57266540527344
 20
22.02443132400513
 30
0.0
 70
0
  0
VERTEX
  5
7F
  8
CUT
 10
11.349475860595703
 20
18.280336380004883
 30
0.0
 70
0
  0
VERTEX
  5
80
  8
CUT
 10
11.514235115051271
 20
18.09855260848999
 30
0.0
 70
0
  0
VERTEX
  5
81
  8
CUT
 10
14.644660949707031
 20
14.644660949707031
 30
0.0
 70
0
  0
VERTEX
  5
82
  8
CUT
 10
14.826444721221925
 20
14.479901695251463
 30
0.0
 70
0
  0
VERTEX
  5
83
  8
CUT
 10
18.280336380004883
 20
11.349475860595703
 30
0.0
 70
0
  0
VERTEX
  5
84
  8
CUT
 10
18.477394008636473
 20
11.203327941894528
 30
0.0
 70
0
  0
VERTEX
  5
85
  8
CUT
 10
22.22148895263672
 20
8.426517486572266
 30
0.0
 70
0
  0
VERTEX
  5
86
  8
CUT
 10
22.43192262649536
 20
8.300388526916507
 30
0.0
 70
0
  0
VERTEX
  5
87
  8
CUT
 10
26.43016242980957
 20
5.903938293457031
 30
0.0
 70
0
  0
VERTEX
  5
88
  8
CUT
 10
26.651945686340333
 20
5.799042510986325
 30
0.0
 70
0
  0
VERTEX
  5
89
  8
CUT
 10
30.865827560424805
 20
3.8060226440429688
 30
0.0
 70
0
  0
VERTEX
  5
8A
  8
CUT
 10
31.096824502944948
 20
3.7233707427978544
 30
0.0
 70
0
  0
VERTEX
  5
8B
  8
CUT
 10
35.48576641082764
 20
2.152984619140625
 30
0.0
 70
0
  0
VERTEX
  5
8C
  8
CUT
 10
35.72375230789184
 20
2.093372154235837
 30
0.0
 70
0
  0
VERTEX
  5
8D
  8
CUT
 10
40.245484352111816
 20
0.9607353210449219
 30
0.0
 70
0
  0
VERTEX
  5
8E
  8
CUT
 10
40.48816728591919
 20
0.924736785888669
 30
0.0
 70
0
  0
VERTEX
  5
8F
  8
CUT
 10
45.09914302825928
 20
0.24076461791992188
 30
0.0
 70
0
  0
VERTEX
  5
90
  8
CUT
 10
45.34418587684631
 20
0.22872638702392578
 30
0.0
 70
0
  0
VERTEX
  5
91
  8
CUT
 10
50.00000000000001
 20
0.0
 30
0.0
 70
0
  0
VERTEX
  5
92
  8
CUT
 10
50.24504284858704
 20
0.012038230895996094
 30
0.0
 70
0
  0
VERTEX
  5
93
  8
CUT
 10
54.90085697174072
 20
0.24076461791992188
 30
0.0
 70
0
  0
VERTEX
  5
94
  8
CUT
 10
55.143539905548096
 20
0.2767631530761747
 30
0.0
 70
0
  0
VERTEX
  5
95
  8
CUT
 10
59.754515647888184
 20
0.9607353210449219
 30
0.0
 70
0
  0
VERTEX
  5
96
  8
CUT
 10
59.99250154495239
 20
1.0203477859497099
 30
0.0
 70
0
  0
VERTEX
  5
97
  8
CUT
 10
64.51423358917236
 20
2.152984619140625
 30
0.0
 70
0
  0
VERTEX
  5
98
  8
CUT
 10
64.7452305316925
 20
2.2356365203857393
 30
0.0
 70
0
  0
VERTEX
  5
99
  8
CUT
 10
69.1341724395752
 20
3.8060226440429688
 30
0.0
 70
0
  0
VERTEX
  5
9A
  8
CUT
 10
69.35595569610595
 20
3.9109184265136747
 30
0.0
 70
0
  0
VERTEX
  5
9B
  8
CUT
 10
73.56983757019043
 20
5.903938293457031
 30
0.0
 70
0
  0
VERTEX
  5
9C
  8
CUT
 10
73.78027124404908
 20
6.03006725311279
 30
0.0
 70
0
  0
VERTEX
  5
9D
  8
CUT
 10
77.77851104736328
 20
8.426517486572266
 30
0.0
 70
0
  0
VERTEX
  5
9E
  8
CUT
 10
77.97556867599488
 20
8.57266540527344
 30
0.0
 70
0
  0
VERTEX
  5
9F
  8
CUT
 10
81.71966361999512
 20
11.349475860595703
 30
0.0
 70
0
  0
VERTEX
  5
A0
  8
CUT
 10
81.90144739151
 20
11.514235115051271
 30
0.0
 70
0
  0
VERTEX
  5
A1
  8
CUT
 10
85.35533905029297
 20
14.644660949707031
 30
0.0
 70
0
  0
VERTEX
  5
A2
  8
CUT
 10
85.52009830474853
 20
14.826444721221925
 30
0.0
 70
0
  0
VERTEX
  5
A3
  8
CUT
 10
88.6505241394043
 20
18.280336380004883
 30
0.0
 70
0
  0
VERTEX
  5
A4
  8
CUT
 10
88.79667205810547
 20
18.477394008636473
 30
0.0
 70
0
  0
VERTEX
  5
A5
  8
CUT
 10
91.57348251342773
 20
22.22148895263672
 30
0.0
 70
0
  0
VERTEX
  5
A6
  8
CUT
 10
91.6996114730835
 20
22.43192262649536
 30
0.0
 70
0
  0
VERTEX
  5
A7
  8
CUT
 10
94.09606170654297
 20
26.43016242980957
 30
0.0
 70
0
  0
VERTEX
  5
A8
  8
CUT
 10
94.20095748901367
 20
26.651945686340333
 30
0.0
 70
0
  0
VERTEX
  5
A9
  8
CUT
 10
96.19397735595703
 20
30.865827560424805
 30
0.0
 70
0
  0
VERTEX
  5
AA
  8
CUT
 10
96.27662925720215
 20
31.096824502944948
 30
0.0
 70
0
  0
VERTEX
  5
AB
  8
CUT
 10
97.84701538085938
 20
35.48576641082764
 30
0.0
 70
0
  0
VERTEX
  5
AC
  8
CUT
 10
97.90662784576416
 20
35.72375230789184
 30
0.0
 70
0
  0
VERTEX
  5
AD
  8
CUT
 10
99.03926467895508
 20
40.245484352111816
 30
0.0
 70
0
  0
VERTEX
  5
AE
  8
CUT
 10
99.07526321411133
 20
40.48816728591919
 30
0.0
 70
0
  0
VERTEX
  5
AF
  8
CUT
 10
99.75923538208008
 20
45.09914302825928
 30
0.0
 70
0
  0
VERTEX
  5
B0
  8
CUT
 10
99.77127361297607
 20
45.34418587684631
 30
0.0
 70
0
  0
SEQEND
  5
30
  8
CUT
  0
POLYLINE
  5
B1
  8
CUT
 66
1
 10
0.0
 20
0.0
 30
0.0
 70
1
  0
VERTEX
  5
B3
  8
CUT
 10
41.0
 20
8.0
 30
0.0
 70
0
  0
VERTEX
  5
B4
  8
CUT
 10
40.94235584120969
 20
7.414729033951616
 30
0.0
 70
0
  0
VERTEX
  5
B5
  8
CUT
 10
40.77163859753386
 20
6.851949702904733
 30
0.0
 70
0
  0
VERTEX
  5
B6
  8
CUT
 10
40.49440883690764
 20
6.333289300941196
 30
0.0
 70
0
  0
VERTEX
  5
B7
  8
CUT
 10
40.121320343559645
 20
5.8786796564403545
 30
0.0
 70
0
  0
VERTEX
  5
B8
  8
CUT
 10
39.66671069905881
 20
5.505591163092362
 30
0.0
 70
0
  0
VERTEX
  5
B9
  8
CUT
 10
39.14805029709527
 20
5.228361402466142
 30
0.0
 70
0
  0
VERTEX
  5
BA
  8
CUT
 10
38.585270966048384
 20
5.0576441587903105
 30
0.0
 70
0
  0
VERTEX
  5
BB
  8
CUT
 10
38.0
 20
5.0
 30
0.0
 70
0
  0
VERTEX
  5
BC
  8
CUT
 10
37.414729033951616
 20
5.0576441587903105
 30
0.0
 70
0
  0
VERTEX
  5
BD
  8
CUT
 10
36.85194970290473
 20
5.228361402466142
 30
0.0
 70
0
  0
VERTEX
  5
BE
  8
CUT
 10
36.333289300941196
 20
5.505591163092362
 30
0.0
 70
0
  0
VERTEX
  5
BF
  8
CUT
 10
35.878679656440355
 20
5.8786796564403545
 30
0.0
 70
0
  0
VERTEX
  5
C0
  8
CUT
 10
35.50559116309236
 20
6.333289300941196
 30
0.0
 70
0
  0
VERTEX
  5
C1
  8
CUT
 10
35.22836140246614
 20
6.851949702904733
 30
0.0
 70
0
  0
VERTEX
  5
C2
  8
CUT
 10
35.05764415879031
 20
7.414729033951616
 30
0.0
 70
0
  0
VERTEX
  5
C3
  8
CUT
 10
35.0
 20
8.0
 30
0.0
 70
0
  0
VERTEX
  5
C4
  8
CUT
 10
35.05764415879031
 20
8.585270966048384
 30
0.0
 70
0
  0
VERTEX
  5
C5
  8
CUT
 10
35.22836140246614
 20
9.148050297095267
 30
0.0
 70
0
  0
VERTEX
  5
C6
  8
CUT
 10
35.50559116309236
 20
9.666710699058804
 30
0.0
 70
0
  0
VERTEX
  5
C7
  8
CUT
 10
35.878679656440355
 20
10.121320343559645
 30
0.0
 70
0
  0
VERTEX
  5
C8
  8
CUT
 10
36.33328930094119
 20
10.494408836907638
 30
0.0
 70
0
  0
VERTEX
  5
C9
  8
CUT
 10
36.85194970290473
 20
10.771638597533858
 30
0.0
 70
0
  0
VERTEX
  5
CA
  8
CUT
 10
37.414729033951616
 20
10.94235584120969
 30
0.0
 70
0
  0
VERTEX
  5
CB
  8
CUT
 10
38.0
 20
11.0
 30
0.0
 70
0
  0
VERTEX
  5
CC
  8
CUT
 10
38.585270966048384
 20
10.94235584120969
 30
0.0
 70
0
  0
VERTEX
  5
CD
  8
CUT
 10
39.14805029709527
 20
10.771638597533858
 30
0.0
 70
0
  0
VERTEX
  5
CE
  8
CUT
 10
39.666710699058804
 20
10.494408836907638
 30
0.0
 70
0
  0
VERTEX
  5
CF
  8
CUT
 10
40.121320343559645
 20
10.121320343559645
 30
0.0
 70
0
  0
VERTEX
  5
D0
  8
CUT
 10
40.49440883690764
 20
9.666710699058804
 30
0.0
 70
0
  0
VERTEX
  5
D1
  8
CUT
 10
40.77163859753386
 20
9.148050297095274
 30
0.0
 70
0
  0
VERTEX
  5
D2
  8
CUT
 10
40.94235584120969
 20
8.585270966048384
 30
0.0
 70
0
  0
SEQEND
  5
B2
  8
CUT
  0
POLYLINE
  5
D3
  8
CUT
 66
1
 10
0.0
 20
0.0
 30
0.0
 70
1
  0
VERTEX
  5
D5
  8
CUT
 10
65.0
 20
92.0
 30
0.0
 70
0
  0
VERTEX
  5
D6
  8
CUT
 10
64.94235584120969
 20
91.41472903395162
 30
0.0
 70
0
  0
VERTEX
  5
D7
  8
CUT
 10
64.77163859753387
 20
90.85194970290473
 30
0.0
 70
0
  0
VERTEX
  5
D8
  8
CUT
 10
64.49440883690764
 20
90.3332893009412
 30
0.0
 70
0
  0
VERTEX
  5
D9
  8
CUT
 10
64.12132034355965
 20
89.87867965644035
 30
0.0
 70
0
  0
VERTEX
  5
DA
  8
CUT
 10
63.66671069905881
 20
89.50559116309236
 30
0.0
 70
0
  0
VERTEX
  5
DB
  8
CUT
 10
63.14805029709527
 20
89.22836140246613
 30
0.0
 70
0
  0
VERTEX
  5
DC
  8
CUT
 10
62.585270966048384
 20
89.05764415879031
 30
0.0
 70
0
  0
VERTEX
  5
DD
  8
CUT
 10
62.0
 20
89.0
 30
0.0
 70
0
  0
VERTEX
  5
DE
  8
CUT
 10
61.414729033951616
 20
89.05764415879031
 30
0.0
 70
0
  0
VERTEX
  5
DF
  8
CUT
 10
60.85194970290473
 20
89.22836140246613
 30
0.0
 70
0
  0
VERTEX
  5
E0
  8
CUT
 10
60.333289300941196
 20
89.50559116309236
 30
0.0
 70
0
  0
VERTEX
  5
E1
  8
CUT
 10
59.878679656440355
 20
89.87867965644035
 30
0.0
 70
0
  0
VERTEX
  5
E2
  8
CUT
 10
59.50559116309236
 20
90.3332893009412
 30
0.0
 70
0
  0
VERTEX
  5
E3
  8
CUT
 10
59.22836140246614
 20
90.85194970290473
 30
0.0
 70
0
  0
VERTEX
  5
E4
  8
CUT
 10
59.05764415879031
 20
91.41472903395162
 30
0.0
 70
0
  0
VERTEX
  5
E5
  8
CUT
 10
59.0
 20
92.0
 30
0.0
 70
0
  0
VERTEX
  5
E6
  8
CUT
 10
59.05764415879031
 20
92.58527096604838
 30
0.0
 70
0
  0
VERTEX
  5
E7
  8
CUT
 10
59.22836140246614
 20
93.14805029709527
 30
0.0
 70
0
  0
VERTEX
  5
E8
  8
CUT
 10
59.50559116309236
 20
93.6667106990588
 30
0.0
 70
0
  0
VERTEX
  5
E9
  8
CUT
 10
59.878679656440355
 20
94.12132034355965
 30
0.0
 70
0
  0
VERTEX
  5
EA
  8
CUT
 10
60.33328930094119
 20
94.49440883690764
 30
0.0
 70
0
  0
VERTEX
  5
EB
  8
CUT
 10
60.85194970290473
 20
94.77163859753387
 30
0.0
 70
0
  0
VERTEX
  5
EC
  8
CUT
 10
61.414729033951616
 20
94.94235584120969
 30
0.0
 70
0
  0
VERTEX
  5
ED
  8
CUT
 10
62.0
 20
95.0
 30
0.0
 70
0
  0
VERTEX
  5
EE
  8
CUT
 10
62.585270966048384
 20
94.94235584120969
 30
0.0
 70
0
  0
VERTEX
  5
EF
  8
CUT
 10
63.14805029709527
 20
94.77163859753387
 30
0.0
 70
0
  0
VERTEX
  5
F0
  8
CUT
 10
63.666710699058804
 20
94.49440883690764
 30
0.0
 70
0
  0
VERTEX
  5
F1
  8
CUT
 10
64.12132034355965
 20
94.12132034355965
 30
0.0
 70
0
  0
VERTEX
  5
F2
  8
CUT
 10
64.49440883690764
 20
93.6667106990588
 30
0.0
 70
0
  0
VERTEX
  5
F3
  8
CUT
 10
64.77163859753387
 20
93.14805029709527
 30
0.0
 70
0
  0
VERTEX
  5
F4
  8
CUT
 10
64.94235584120969
 20
92.58527096604838
 30
0.0
 70
0
  0
SEQEND
  5
D4
  8
CUT
  0
POLYLINE
  5
F5
  8
CUT
 66
1
 10
0.0
 20
0.0
 30
0.0
 70
1
  0
VERTEX
  5
F7
  8
CUT
 10
95.0
 20
38.0
 30
0.0
 70
0
  0
VERTEX
  5
F8
  8
CUT
 10
94.94235584120969
 20
37.414729033951616
 30
0.0
 70
0
  0
VERTEX
  5
F9
  8
CUT
 10
94.77163859753387
 20
36.85194970290473
 30
0.0
 70
0
  0
VERTEX
  5
FA
  8
CUT
 10
94.49440883690764
 20
36.33328930094119
 30
0.0
 70
0
  0
VERTEX
  5
FB
  8
CUT
 10
94.12132034355965
 20
35.878679656440355
 30
0.0
 70
0
  0
VERTEX
  5
FC
  8
CUT
 10
93.6667106990588
 20
35.50559116309236
 30
0.0
 70
0
  0
VERTEX
  5
FD
  8
CUT
 10
93.14805029709527
 20
35.22836140246614
 30
0.0
 70
0
  0
VERTEX
  5
FE
  8
CUT
 10
92.58527096604838
 20
35.05764415879031
 30
0.0
 70
0
  0
VERTEX
  5
FF
  8
CUT
 10
92.0
 20
35.0
 30
0.0
 70
0
  0
VERTEX
  5
100
  8
CUT
 10
91.41472903395162
 20
35.05764415879031
 30
0.0
 70
0
  0
VERTEX
  5
101
  8
CUT
 10
90.85194970290473
 20
35.22836140246614
 30
0.0
 70
0
  0
VERTEX
  5
102
  8
CUT
 10
90.3332893009412
 20
35.50559116309236
 30
0.0
 70
0
  0
VERTEX
  5
103
  8
CUT
 10
89.87867965644035
 20
35.878679656440355
 30
0.0
 70
0
  0
VERTEX
  5
104
  8
CUT
 10
89.50559116309236
 20
36.33328930094119
 30
0.0
 70
0
  0
VERTEX
  5
105
  8
CUT
 10
89.22836140246613
 20
36.85194970290473
 30
0.0
 70
0
  0
VERTEX
  5
106
  8
CUT
 10
89.05764415879031
 20
37.414729033951616
 30
0.0
 70
0
  0
VERTEX
  5
107
  8
CUT
 10
89.0
 20
38.0
 30
0.0
 70
0
  0
VERTEX
  5
108
  8
CUT
 10
89.05764415879031
 20
38.585270966048384
 30
0.0
 70
0
  0
VERTEX
  5
109
  8
CUT
 10
89.22836140246613
 20
39.14805029709527
 30
0.0
 70
0
  0
VERTEX
  5
10A
  8
CUT
 10
89.50559116309236
 20
39.666710699058804
 30
0.0
 70
0
  0
VERTEX
  5
10B
  8
CUT
 10
89.87867965644035
 20
40.121320343559645
 30
0.0
 70
0
  0
VERTEX
  5
10C
  8
CUT
 10
90.3332893009412
 20
40.49440883690764
 30
0.0
 70
0
  0
VERTEX
  5
10D
  8
CUT
 10
90.85194970290473
 20
40.77163859753386
 30
0.0
 70
0
  0
VERTEX
  5
10E
  8
CUT
 10
91.41472903395162
 20
40.94235584120969
 30
0.0
 70
0
  0
VERTEX
  5
10F
  8
CUT
 10
92.0
 20
41.0
 30
0.0
 70
0
  0
VERTEX
  5
110
  8
CUT
 10
92.58527096604838
 20
40.94235584120969
 30
0.0
 70
0
  0
VERTEX
  5
111
  8
CUT
 10
93.14805029709527
 20
40.77163859753386
 30
0.0
 70
0
  0
VERTEX
  5
112
  8
CUT
 10
93.6667106990588
 20
40.49440883690764
 30
0.0
 70
0
  0
VERTEX
  5
113
  8
CUT
 10
94.12132034355965
 20
40.121320343559645
 30
0.0
 70
0
  0
VERTEX
  5
114
  8
CUT
 10
94.49440883690764
 20
39.66671069905881
 30
0.0
 70
0
  0
VERTEX
  5
115
  8
CUT
 10
94.77163859753387
 20
39.14805029709527
 30
0.0
 70
0
  0
VERTEX
  5
116
  8
CUT
 10
94.94235584120969
 20
38.585270966048384
 30
0.0
 70
0
  0
SEQEND
  5
F6
  8
CUT
  0
POLYLINE
  5
117
  8
ENGRAVE
 66
1
 10
0.0
 20
0.0
 30
0.0
 70
0
  0
VERTEX
  5
119
  8
ENGRAVE
 10
66.0
 20
89.0
 30
0.0
 70
0
  0
VERTEX
  5
11A
  8
ENGRAVE
 10
73.5
 20
89.0
 30
0.0
 70
0
  0
SEQEND
  5
118
  8
ENGRAVE
  0
POLYLINE
  5
11B
  8
ENGRAVE
 66
1
 10
0.0
 20
0.0
 30
0.0
 70
0
  0
VERTEX
  5
11D
  8
ENGRAVE
 10
73.5
 20
89.0
 30
0.0
 70
0
  0
VERTEX
  5
11E
  8
ENGRAVE
 10
81.0
 20
89.0
 30
0.0
 70
0
  0
SEQEND
  5
11C
  8
ENGRAVE
  0
POLYLINE
  5
11F
  8
CUT
 66
1
 10
0.0
 20
0.0
 30
0.0
 70
1
  0
VERTEX
  5
121
  8
CUT
 10
200.2
 20
50.0
 30
0.0
 70
0
  0
VERTEX
  5
122
  8
CUT
 10
200.163885307312
 20
50.735128545761114
 30
0.0
 70
0
  0
VERTEX
  5
123
  8
CUT
 10
199.95923538208007
 20
54.90085697174072
 30
0.0
 70
0
  0
VERTEX
  5
124
  8
CUT
 10
199.85123977661132
 20
55.62890577316284
 30
0.0
 70
0
  0
VERTEX
  5
125
  8
CUT
 10
199.23926467895507
 20
59.754515647888184
 30
0.0
 70
0
  0
VERTEX
  5
126
  8
CUT
 10
199.06042728424072
 20
60.46847333908081
 30
0.0
 70
0
  0
VERTEX
  5
127
  8
CUT
 10
198.04701538085936
 20
64.51423358917236
 30
0.0
 70
0
  0
VERTEX
  5
128
  8
CUT
 10
197.799059677124
 20
65.20722441673279
 30
0.0
 70
0
  0
VERTEX
  5
129
  8
CUT
 10
196.39397735595702
 20
69.1341724395752
 30
0.0
 70
0
  0
VERTEX
  5
12A
  8
CUT
 10
196.07929000854492
 20
69.79952220916748
 30
0.0
 70
0
  0
VERTEX
  5
12B
  8
CUT
 10
194.29606170654296
 20
73.56983757019043
 30
0.0
 70
0
  0
VERTEX
  5
12C
  8
CUT
 10
193.91767482757567
 20
74.20113859176635
 30
0.0
 70
0
  0
VERTEX
  5
12D
  8
CUT
 10
191.77348251342772
 20
77.77851104736328
 30
0.0
 70
0
  0
VERTEX
  5
12E
  8
CUT
 10
191.3350387573242
 20
78.36968393325806
 30
0.0
 70
0
  0
VERTEX
  5
12F
  8
CUT
 10
188.85052413940429
 20
81.71966361999512
 30
0.0
 70
0
  0
VERTEX
  5
130
  8
CUT
 10
188.35624637603757
 20
82.26501493453979
 30
0.0
 70
0
  0
VERTEX
  5
131
  8
CUT
 10
185.55533905029296
 20
85.35533905029297
 30
0.0
 70
0
  0
VERTEX
  5
132
  8
CUT
 10
185.00998773574827
 20
85.84961681365967
 30
0.0
 70
0
  0
VERTEX
  5
133
  8
CUT
 10
181.9196636199951
 20
88.6505241394043
 30
0.0
 70
0
  0
VERTEX
  5
134
  8
CUT
 10
181.32849073410034
 20
89.0889678955078
 30
0.0
 70
0
  0
VERTEX
  5
135
  8
CUT
 10
177.97851104736327
 20
91.57348251342773
 30
0.0
 70
0
  0
VERTEX
  5
136
  8
CUT
 10
177.34721002578735
 20
91.95186939239503
 30
0.0
 70
0
  0
VERTEX
  5
137
  8
CUT
 10
173.76983757019042
 20
94.09606170654297
 30
0.0
 70
0
  0
VERTEX
  5
138
  8
CUT
 10
173.10448780059812
 20
94.41074905395507
 30
0.0
 70
0
  0
VERTEX
  5
139
  8
CUT
 10
169.33417243957518
 20
96.19397735595703
 30
0.0
 70
0
  0
VERTEX
  5
13A
  8
CUT
 10
168.64118161201475
 20
96.44193305969239
 30
0.0
 70
0
  0
VERTEX
  5
13B
  8
CUT
 10
164.71423358917235
 20
97.84701538085938
 30
0.0
 70
0
  0
VERTEX
  5
13C
  8
CUT
 10
164.00027589797972
 20
98.02585277557372
 30
0.0
 70
0
  0
VERTEX
  5
13D
  8
CUT
 10
159.95451564788817
 20
99.03926467895508
 30
0.0
 70
0
  0
VERTEX
  5
13E
  8
CUT
 10
159.22646684646605
 20
99.14726028442382
 30
0.0
 70
0
  0
VERTEX
  5
13F
  8
CUT
 10
155.1008569717407
 20
99.75923538208008
 30
0.0
 70
0
  0
VERTEX
  5
140
  8
CUT
 10
154.3657284259796
 20
99.79535007476807
 30
0.0
 70
0
  0
VERTEX
  5
141
  8
CUT
 10
150.2
 20
100.0
 30
0.0
 70
0
  0
VERTEX
  5
142
  8
CUT
 10
149.46487145423887
 20
99.96388530731201
 30
0.0
 70
0
  0
VERTEX
  5
143
  8
CUT
 10
145.29914302825927
 20
99.75923538208008
 30
0.0
 70
0
  0
VERTEX
  5
144
  8
CUT
 10
144.57109422683715
 20
99.65123977661133
 30
0.0
 70
0
  0
VERTEX
  5
145
  8
CUT
 10
140.4454843521118
 20
99.03926467895508
 30
0.0
 70
0
  0
VERTEX
  5
146
  8
CUT
 10
139.73152666091917
 20
98.86042728424073
 30
0.0
 70
0
  0
VERTEX
  5
147
  8
CUT
 10
135.68576641082763
 20
97.84701538085938
 30
0.0
 70
0
  0
VERTEX
  5
148
  8
CUT
 10
134.9927755832672
 20
97.59905967712402
 30
0.0
 70
0
  0
VERTEX
  5
149
  8
CUT
 10
131.0658275604248
 20
96.19397735595703
 30
0.0
 70
0
  0
VERTEX
  5
14A
  8
CUT
 10
130.4004777908325
 20
95.87929000854493
 30
0.0
 70
0
  0
VERTEX
  5
14B
  8
CUT
 10
126.63016242980956
 20
94.09606170654297
 30
0.0
 70
0
  0
VERTEX
  5
14C
  8
CUT
 10
125.99886140823364
 20
93.71767482757568
 30
0.0
 70
0
  0
VERTEX
  5
14D
  8
CUT
 10
122.42148895263671
 20
91.57348251342773
 30
0.0
 70
0
  0
VERTEX
  5
14E
  8
CUT
 10
121.83031606674193
 20
91.13503875732422
 30
0.0
 70
0
  0
VERTEX
  5
14F
  8
CUT
 10
118.48033638000487
 20
88.6505241394043
 30
0.0
 70
0
  0
VERTEX
  5
150
  8
CUT
 10
117.9349850654602
 20
88.1562463760376
 30
0.0
 70
0
  0
VERTEX
  5
151
  8
CUT
 10
114.84466094970702
 20
85.35533905029297
 30
0.0
 70
0
  0
VERTEX
  5
152
  8
CUT
 10
114.35038318634032
 20
84.8099877357483
 30
0.0
 70
0
  0
VERTEX
  5
153
  8
CUT
 10
111.54947586059569
 20
81.71966361999512
 30
0.0
 70
0
  0
VERTEX
  5
154
  8
CUT
 10
111.11103210449218
 20
81.12849073410034
 30
0.0
 70
0
  0
VERTEX
  5
155
  8
CUT
 10
108.62651748657225
 20
77.77851104736328
 30
0.0
 70
0
  0
VERTEX
  5
156
  8
CUT
 10
108.24813060760496
 20
77.14721002578736
 30
0.0
 70
0
  0
VERTEX
  5
157
  8
CUT
 10
106.10393829345702
 20
73.56983757019043
 30
0.0
 70
0
  0
VERTEX
  5
158
  8
CUT
 10
105.78925094604492
 20
72.90448780059815
 30
0.0
 70
0
  0
VERTEX
  5
159
  8
CUT
 10
104.00602264404296
 20
69.1341724395752
 30
0.0
 70
0
  0
VERTEX
  5
15A
  8
CUT
 10
103.7580669403076
 20
68.44118161201477
 30
0.0
 70
0
  0
VERTEX
  5
15B
  8
CUT
 10
102.35298461914061
 20
64.51423358917236
 30
0.0
 70
0
  0
VERTEX
  5
15C
  8
CUT
 10
102.17414722442626
 20
63.80027589797974
 30
0.0
 70
0
  0
VERTEX
  5
15D
  8
CUT
 10
101.16073532104491
 20
59.754515647888184
 30
0.0
 70
0
  0
VERTEX
  5
15E
  8
CUT
 10
101.05273971557617
 20
59.026466846466064
 30
0.0
 70
0
  0
VERTEX
  5
15F
  8
CUT
 10
100.44076461791991
 20
54.90085697174072
 30
0.0
 70
0
  0
VERTEX
  5
160
  8
CUT
 10
100.40464992523192
 20
54.165728425979616
 30
0.0
 70
0
  0
VERTEX
  5
161
  8
CUT
 10
100.19999999999999
 20
49.99999999999999
 30
0.0
 70
0
  0
VERTEX
  5
162
  8
CUT
 10
100.23611469268798
 20
49.264871454238886
 30
0.0
 70
0
  0
VERTEX
  5
163
  8
CUT
 10
100.44076461791991
 20
45.09914302825928
 30
0.0
 70
0
  0
VERTEX
  5
164
  8
CUT
 10
100.54876022338865
 20
44.37109422683716
 30
0.0
 70
0
  0
VERTEX
  5
165
  8
CUT
 10
101.16073532104491
 20
40.245484352111816
 30
0.0
 70
0
  0
VERTEX
  5
166
  8
CUT
 10
101.33957271575926
 20
39.53152666091919
 30
0.0
 70
0
  0
VERTEX
  5
167
  8
CUT
 10
102.35298461914061
 20
35.48576641082764
 30
0.0
 70
0
  0
VERTEX
  5
168
  8
CUT
 10
102.60094032287597
 20
34.792775583267215
 30
0.0
 70
0
  0
VERTEX
  5
169
  8
CUT
 10
104.00602264404296
 20
30.865827560424805
 30
0.0
 70
0
  0
VERTEX
  5
16A
  8
CUT
 10
104.32070999145506
 20
30.20047779083252
 30
0.0
 70
0
  0
VERTEX
  5
16B
  8
CUT
 10
106.10393829345702
 20
26.43016242980957
 30
0.0
 70
0
  0
VERTEX
  5
16C
  8
CUT
 10
106.48232517242431
 20
25.79886140823364
 30
0.0
 70
0
  0
VERTEX
  5
16D
  8
CUT
 10
108.62651748657225
 20
22.22148895263672
 30
0.0
 70
0
  0
VERTEX
  5
16E
  8
CUT
 10
109.06496124267576
 20
21.630316066741944
 30
0.0
 70
0
  0
VERTEX
  5
16F
  8
CUT
 10
111.54947586059569
 20
18.280336380004883
 30
0.0
 70
0
  0
VERTEX
  5
170
  8
CUT
 10
112.04375362396239
 20
17.734985065460208
 30
0.0
 70
0
  0
VERTEX
  5
171
  8
CUT
 10
114.84466094970702
 20
14.644660949707031
 30
0.0
 70
0
  0
VERTEX
  5
172
  8
CUT
 10
115.3900122642517
 20
14.150383186340335
 30
0.0
 70
0
  0
VERTEX
  5
173
  8
CUT
 10
118.48033638000487
 20
11.349475860595703
 30
0.0
 70
0
  0
VERTEX
  5
174
  8
CUT
 10
119.07150926589965
 20
10.911032104492186
 30
0.0
 70
0
  0
VERTEX
  5
175
  8
CUT
 10
122.42148895263671
 20
8.426517486572266
 30
0.0
 70
0
  0
VERTEX
  5
176
  8
CUT
 10
123.05278997421263
 20
8.048130607604982
 30
0.0
 70
0
  0
VERTEX
  5
177
  8
CUT
 10
126.63016242980956
 20
5.903938293457031
 30
0.0
 70
0
  0
VERTEX
  5
178
  8
CUT
 10
127.29551219940184
 20
5.5892509460449205
 30
0.0
 70
0
  0
VERTEX
  5
179
  8
CUT
 10
131.0658275604248
 20
3.8060226440429688
 30
0.0
 70
0
  0
VERTEX
  5
17A
  8
CUT
 10
131.75881838798523
 20
3.5580669403076186
 30
0.0
 70
0
  0
VERTEX
  5
17B
  8
CUT
 10
135.68576641082763
 20
2.152984619140625
 30
0.0
 70
0
  0
VERTEX
  5
17C
  8
CUT
 10
136.39972410202026
 20
1.974147224426268
 30
0.0
 70
0
  0
VERTEX
  5
17D
  8
CUT
 10
140.4454843521118
 20
0.9607353210449219
 30
0.0
 70
0
  0
VERTEX
  5
17E
  8
CUT
 10
141.17353315353392
 20
0.8527397155761705
 30
0.0
 70
0
  0
VERTEX
  5
17F
  8
CUT
 10
145.29914302825927
 20
0.24076461791992188
 30
0.0
 70
0
  0
VERTEX
  5
180
  8
CUT
 10
146.03427157402038
 20
0.2046499252319336
 30
0.0
 70
0
  0
VERTEX
  5
181
  8
CUT
 10
150.2
 20
0.0
 30
0.0
 70
0
  0
VERTEX
  5
182
  8
CUT
 10
150.9351285457611
 20
0.03611469268798828
 30
0.0
 70
0
  0
VERTEX
  5
183
  8
CUT
 10
155.1008569717407
 20
0.24076461791992188
 30
0.0
 70
0
  0
VERTEX
  5
184
  8
CUT
 10
155.82890577316283
 20
0.3487602233886733
 30
0.0
 70
0
  0
VERTEX
  5
185
  8
CUT
 10
159.95451564788817
 20
0.9607353210449219
 30
0.0
 70
0
  0
VERTEX
  5
186
  8
CUT
 10
160.6684733390808
 20
1.1395727157592788
 30
0.0
 70
0
  0
VERTEX
  5
187
  8
CUT
 10
164.71423358917235
 20
2.152984619140625
 30
0.0
 70
0
  0
VERTEX
  5
188
  8
CUT
 10
165.4072244167328
 20
2.400940322875975
 30
0.0
 70
0
  0
VERTEX
  5
189
  8
CUT
 10
169.33417243957518
 20
3.8060226440429688
 30
0.0
 70
0
  0
VERTEX
  5
18A
  8
CUT
 10
169.99952220916748
 20
4.1207099914550795
 30
0.0
 70
0
  0
VERTEX
  5
18B
  8
CUT
 10
173.76983757019042
 20
5.903938293457031
 30
0.0
 70
0
  0
VERTEX
  5
18C
  8
CUT
 10
174.40113859176634
 20
6.282325172424315
 30
0.0
 70
0
  0
VERTEX
  5
18D
  8
CUT
 10
177.97851104736327
 20
8.426517486572266
 30
0.0
 70
0
  0
VERTEX
  5
18E
  8
CUT
 10
178.56968393325803
 20
8.864961242675783
 30
0.0
 70
0
  0
VERTEX
  5
18F
  8
CUT
 10
181.9196636199951
 20
11.349475860595703
 30
0.0
 70
0
  0
VERTEX
  5
190
  8
CUT
 10
182.4650149345398
 20
11.8437536239624
 30
0.0
 70
0
  0
VERTEX
  5
191
  8
CUT
 10
185.55533905029296
 20
14.644660949707031
 30
0.0
 70
0
  0
VERTEX
  5
192
  8
CUT
 10
186.04961681365967
 20
15.190012264251706
 30
0.0
 70
0
  0
VERTEX
  5
193
  8
CUT
 10
188.85052413940429
 20
18.280336380004883
 30
0.0
 70
0
  0
VERTEX
  5
194
  8
CUT
 10
189.2889678955078
 20
18.871509265899657
 30
0.0
 70
0
  0
VERTEX
  5
195
  8
CUT
 10
191.77348251342772
 20
22.22148895263672
 30
0.0
 70
0
  0
VERTEX
  5
196
  8
CUT
 10
192.151869392395
 20
22.852789974212648
 30
0.0
 70
0
  0
VERTEX
  5
197
  8
CUT
 10
194.29606170654296
 20
26.43016242980957
 30
0.0
 70
0
  0
VERTEX
  5
198
  8
CUT
 10
194.61074905395506
 20
27.095512199401856
 30
0.0
 70
0
  0
VERTEX
  5
199
  8
CUT
 10
196.39397735595702
 20
30.865827560424805
 30
0.0
 70
0
  0
VERTEX
  5
19A
  8
CUT
 10
196.64193305969238
 20
31.55881838798523
 30
0.0
 70
0
  0
VERTEX
  5
19B
  8
CUT
 10
198.04701538085936
 20
35.48576641082764
 30
0.0
 70
0
  0
VERTEX
  5
19C
  8
CUT
 10
198.2258527755737
 20
36.19972410202026
 30
0.0
 70
0
  0
VERTEX
  5
19D
  8
CUT
 10
199.23926467895507
 20
40.245484352111816
 30
0.0
 70
0
  0
VERTEX
  5
19E
  8
CUT
 10
199.3472602844238
 20
40.973533153533936
 30
0.0
 70
0
  0
VERTEX
  5
19F
  8
CUT
 10
199.95923538208007
 20
45.09914302825928
 30
0.0
 70
0
  0
VERTEX
  5
1A0
  8
CUT
 10
199.99535007476806
 20
45.834271574020384
 30
0.0
 70
0
  0
SEQEND
  5
120
  8
CUT
  0
POLYLINE
  5
1A1
  8
CUT
 66
1
 10
0.0
 20
0.0
 30
0.0
 70
1
  0
VERTEX
  5
1A3
  8
CUT
 10
141.2
 20
8.0
 30
0.0
 70
0
  0
VERTEX
  5
1A4
  8
CUT
 10
141.14235584120968
 20
7.414729033951616
 30
0.0
 70
0
  0
VERTEX
  5
1A5
  8
CUT
 10
140.97163859753385
 20
6.851949702904733
 30
0.0
 70
0
  0
VERTEX
  5
1A6
  8
CUT
 10
140.69440883690763
 20
6.333289300941196
 30
0.0
 70
0
  0
VERTEX
  5
1A7
  8
CUT
 10
140.32132034355962
 20
5.8786796564403545
 30
0.0
 70
0
  0
VERTEX
  5
1A8
  8
CUT
 10
139.86671069905879
 20
5.505591163092362
 30
0.0
 70
0
  0
VERTEX
  5
1A9
  8
CUT
 10
139.34805029709526
 20
5.228361402466142
 30
0.0
 70
0
  0
VERTEX
  5
1AA
  8
CUT
 10
138.7852709660484
 20
5.0576441587903105
 30
0.0
 70
0
  0
VERTEX
  5
1AB
  8
CUT
 10
138.2
 20
5.0
 30
0.0
 70
0
  0
VERTEX
  5
1AC
  8
CUT
 10
137.61472903395162
 20
5.0576441587903105
 30
0.0
 70
0
  0
VERTEX
  5
1AD
  8
CUT
 10
137.05194970290472
 20
5.228361402466142
 30
0.0
 70
0
  0
VERTEX
  5
1AE
  8
CUT
 10
136.5332893009412
 20
5.505591163092362
 30
0.0
 70
0
  0
VERTEX
  5
1AF
  8
CUT
 10
136.07867965644036
 20
5.8786796564403545
 30
0.0
 70
0
  0
VERTEX
  5
1B0
  8
CUT
 10
135.70559116309235
 20
6.333289300941196
 30
0.0
 70
0
  0
VERTEX
  5
1B1
  8
CUT
 10
135.42836140246612
 20
6.851949702904733
 30
0.0
 70
0
  0
VERTEX
  5
1B2
  8
CUT
 10
135.2576441587903
 20
7.414729033951616
 30
0.0
 70
0
  0
VERTEX
  5
1B3
  8
CUT
 10
135.2
 20
8.0
 30
0.0
 70
0
  0
VERTEX
  5
1B4
  8
CUT
 10
135.2576441587903
 20
8.585270966048384
 30
0.0
 70
0
  0
VERTEX
  5
1B5
  8
CUT
 10
135.42836140246612
 20
9.148050297095267
 30
0.0
 70
0
  0
VERTEX
  5
1B6
  8
CUT
 10
135.70559116309235
 20
9.666710699058804
 30
0.0
 70
0
  0
VERTEX
  5
1B7
  8
CUT
 10
136.07867965644036
 20
10.121320343559645
 30
0.0
 70
0
  0
VERTEX
  5
1B8
  8
CUT
 10
136.5332893009412
 20
10.494408836907638
 30
0.0
 70
0
  0
VERTEX
  5
1B9
  8
CUT
 10
137.05194970290472
 20
10.771638597533858
 30
0.0
 70
0
  0
VERTEX
  5
1BA
  8
CUT
 10
137.6147290339516
 20
10.94235584120969
 30
0.0
 70
0
  0
VERTEX
  5
1BB
  8
CUT
 10
138.2
 20
11.0
 30
0.0
 70
0
  0
VERTEX
  5
1BC
  8
CUT
 10
138.7852709660484
 20
10.94235584120969
 30
0.0
 70
0
  0
VERTEX
  5
1BD
  8
CUT
 10
139.34805029709526
 20
10.771638597533858
 30
0.0
 70
0
  0
VERTEX
  5
1BE
  8
CUT
 10
139.86671069905879
 20
10.494408836907638
 30
0.0
 70
0
  0
VERTEX
  5
1BF
  8
CUT
 10
140.32132034355962
 20
10.121320343559645
 30
0.0
 70
0
  0
VERTEX
  5
1C0
  8
CUT
 10
140.69440883690763
 20
9.666710699058804
 30
0.0
 70
0
  0
VERTEX
  5
1C1
  8
CUT
 10
140.97163859753385
 20
9.148050297095274
 30
0.0
 70
0
  0
VERTEX
  5
1C2
  8
CUT
 10
141.14235584120968
 20
8.585270966048384
 30
0.0
 70
0
  0
SEQEND
  5
1A2
  8
CUT
  0
POLYLINE
  5
1C3
  8
CUT
 66
1
 10
0.0
 20
0.0
 30
0.0
 70
1
  0
VERTEX
  5
1C5
  8
CUT
 10
165.2
 20
92.0
 30
0.0
 70
0
  0
VERTEX
  5
1C6
  8
CUT
 10
165.14235584120968
 20
91.41472903395162
 30
0.0
 70
0
  0
VERTEX
  5
1C7
  8
CUT
 10
164.97163859753385
 20
90.85194970290473
 30
0.0
 70
0
  0
VERTEX
  5
1C8
  8
CUT
 10
164.69440883690763
 20
90.3332893009412
 30
0.0
 70
0
  0
VERTEX
  5
1C9
  8
CUT
 10
164.32132034355962
 20
89.87867965644035
 30
0.0
 70
0
  0
VERTEX
  5
1CA
  8
CUT
 10
163.86671069905879
 20
89.50559116309236
 30
0.0
 70
0
  0
VERTEX
  5
1CB
  8
CUT
 10
163.34805029709526
 20
89.22836140246613
 30
0.0
 70
0
  0
VERTEX
  5
1CC
  8
CUT
 10
162.7852709660484
 20
89.05764415879031
 30
0.0
 70
0
  0
VERTEX
  5
1CD
  8
CUT
 10
162.2
 20
89.0
 30
0.0
 70
0
  0
VERTEX
  5
1CE
  8
CUT
 10
161.61472903395162
 20
89.05764415879031
 30
0.0
 70
0
  0
VERTEX
  5
1CF
  8
CUT
 10
161.05194970290472
 20
89.22836140246613
 30
0.0
 70
0
  0
VERTEX
  5
1D0
  8
CUT
 10
160.5332893009412
 20
89.50559116309236
 30
0.0
 70
0
  0
VERTEX
  5
1D1
  8
CUT
 10
160.07867965644036
 20
89.87867965644035
 30
0.0
 70
0
  0
VERTEX
  5
1D2
  8
CUT
 10
159.70559116309235
 20
90.3332893009412
 30
0.0
 70
0
  0
VERTEX
  5
1D3
  8
CUT
 10
159.42836140246612
 20
90.85194970290473
 30
0.0
 70
0
  0
VERTEX
  5
1D4
  8
CUT
 10
159.2576441587903
 20
91.41472903395162
 30
0.0
 70
0
  0
VERTEX
  5
1D5
  8
CUT
 10
159.2
 20
92.0
 30
0.0
 70
0
  0
VERTEX
  5
1D6
  8
CUT
 10
159.2576441587903
 20
92.58527096604838
 30
0.0
 70
0
  0
VERTEX
  5
1D7
  8
CUT
 10
159.42836140246612
 20
93.14805029709527
 30
0.0
 70
0
  0
VERTEX
  5
1D8
  8
CUT
 10
159.70559116309235
 20
93.6667106990588
 30
0.0
 70
0
  0
VERTEX
  5
1D9
  8
CUT
 10
160.07867965644036
 20
94.12132034355965
 30
0.0
 70
0
  0
VERTEX
  5
1DA
  8
CUT
 10
160.5332893009412
 20
94.49440883690764
 30
0.0
 70
0
  0
VERTEX
  5
1DB
  8
CUT
 10
161.05194970290472
 20
94.77163859753387
 30
0.0
 70
0
  0
VERTEX
  5
1DC
  8
CUT
 10
161.6147290339516
 20
94.94235584120969
 30
0.0
 70
0
  0
VERTEX
  5
1DD
  8
CUT
 10
162.2
 20
95.0
 30
0.0
 70
0
  0
VERTEX
  5
1DE
  8
CUT
 10
162.7852709660484
 20
94.94235584120969
 30
0.0
 70
0
  0
VERTEX
  5
1DF
  8
CUT
 10
163.34805029709526
 20
94.77163859753387
 30
0.0
 70
0
  0
VERTEX
  5
1E0
  8
CUT
 10
163.86671069905879
 20
94.49440883690764
 30
0.0
 70
0
  0
VERTEX
  5
1E1
  8
CUT
 10
164.32132034355962
 20
94.12132034355965
 30
0.0
 70
0
  0
VERTEX
  5
1E2
  8
CUT
 10
164.69440883690763
 20
93.6667106990588
 30
0.0
 70
0
  0
VERTEX
  5
1E3
  8
CUT
 10
164.97163859753385
 20
93.14805029709527
 30
0.0
 70
0
  0
VERTEX
  5
1E4
  8
CUT
 10
165.14235584120968
 20
92.58527096604838
 30
0.0
 70
0
  0
SEQEND
  5
1C4
  8
CUT
  0
POLYLINE
  5
1E5
  8
CUT
 66
1
 10
0.0
 20
0.0
 30
0.0
 70
1
  0
VERTEX
  5
1E7
  8
CUT
 10
195.2
 20
38.0
 30
0.0
 70
0
  0
VERTEX
  5
1E8
  8
CUT
 10
195.14235584120968
 20
37.414729033951616
 30
0.0
 70
0
  0
VERTEX
  5
1E9
  8
CUT
 10
194.97163859753385
 20
36.85194970290473
 30
0.0
 70
0
  0
VERTEX
  5
1EA
  8
CUT
 10
194.69440883690763
 20
36.33328930094119
 30
0.0
 70
0
  0
VERTEX
  5
1EB
  8
CUT
 10
194.32132034355965
 20
35.878679656440355
 30
0.0
 70
0
  0
VERTEX
  5
1EC
  8
CUT
 10
193.86671069905879
 20
35.50559116309236
 30
0.0
 70
0
  0
VERTEX
  5
1ED
  8
CUT
 10
193.34805029709526
 20
35.22836140246614
 30
0.0
 70
0
  0
VERTEX
  5
1EE
  8
CUT
 10
192.78527096604836
 20
35.05764415879031
 30
0.0
 70
0
  0
VERTEX
  5
1EF
  8
CUT
 10
192.2
 20
35.0
 30
0.0
 70
0
  0
VERTEX
  5
1F0
  8
CUT
 10
191.61472903395162
 20
35.05764415879031
 30
0.0
 70
0
  0
VERTEX
  5
1F1
  8
CUT
 10
191.05194970290472
 20
35.22836140246614
 30
0.0
 70
0
  0
VERTEX
  5
1F2
  8
CUT
 10
190.5332893009412
 20
35.50559116309236
 30
0.0
 70
0
  0
VERTEX
  5
1F3
  8
CUT
 10
190.07867965644033
 20
35.878679656440355
 30
0.0
 70
0
  0
VERTEX
  5
1F4
  8
CUT
 10
189.70559116309235
 20
36.33328930094119
 30
0.0
 70
0
  0
VERTEX
  5
1F5
  8
CUT
 10
189.42836140246612
 20
36.85194970290473
 30
0.0
 70
0
  0
VERTEX
  5
1F6
  8
CUT
 10
189.2576441587903
 20
37.414729033951616
 30
0.0
 70
0
  0
VERTEX
  5
1F7
  8
CUT
 10
189.2
 20
38.0
 30
0.0
 70
0
  0
VERTEX
  5
1F8
  8
CUT
 10
189.2576441587903
 20
38.585270966048384
 30
0.0
 70
0
  0
VERTEX
  5
1F9
  8
CUT
 10
189.42836140246612
 20
39.14805029709527
 30
0.0
 70
0
  0
VERTEX
  5
1FA
  8
CUT
 10
189.70559116309235
 20
39.666710699058804
 30
0.0
 70
0
  0
VERTEX
  5
1FB
  8
CUT
 10
190.07867965644033
 20
40.121320343559645
 30
0.0
 70
0
  0
VERTEX
  5
1FC
  8
CUT
 10
190.5332893009412
 20
40.49440883690764
 30
0.0
 70
0
  0
VERTEX
  5
1FD
  8
CUT
 10
191.05194970290472
 20
40.77163859753386
 30
0.0
 70
0
  0
VERTEX
  5
1FE
  8
CUT
 10
191.61472903395162
 20
40.94235584120969
 30
0.0
 70
0
  0
VERTEX
  5
1FF
  8
CUT
 10
192.2
 20
41.0
 30
0.0
 70
0
  0
VERTEX
  5
200
  8
CUT
 10
192.78527096604836
 20
40.94235584120969
 30
0.0
 70
0
  0
VERTEX
  5
201
  8
CUT
 10
193.34805029709526
 20
40.77163859753386
 30
0.0
 70
0
  0
VERTEX
  5
202
  8
CUT
 10
193.86671069905879
 20
40.49440883690764
 30
0.0
 70
0
  0
VERTEX
  5
203
  8
CUT
 10
194.32132034355965
 20
40.121320343559645
 30
0.0
 70
0
  0
VERTEX
  5
204
  8
CUT
 10
194.69440883690763
 20
39.66671069905881
 30
0.0
 70
0
  0
VERTEX
  5
205
  8
CUT
 10
194.97163859753385
 20
39.14805029709527
 30
0.0
 70
0
  0
VERTEX
  5
206
  8
CUT
 10
195.14235584120968
 20
38.585270966048384
 30
0.0
 70
0
  0
SEQEND
  5
1E6
  8
CUT
  0
POLYLINE
  5
207
  8
ENGRAVE
 66
1
 10
0.0
 20
0.0
 30
0.0
 70
0
  0
VERTEX
  5
209
  8
ENGRAVE
 10
166.2
 20
80.0
 30
0.0
 70
0
  0
VERTEX
  5
20A
  8
ENGRAVE
 10
166.2
 20
89.0
 30
0.0
 70
0
  0
SEQEND
  5
208
  8
ENGRAVE
  0
POLYLINE
  5
20B
  8
ENGRAVE
 66
1
 10
0.0
 20
0.0
 30
0.0
 70
0
  0
VERTEX
  5
20D
  8
ENGRAVE
 10
166.2
 20
89.0
 30
0.0
 70
0
  0
VERTEX
  5
20E
  8
ENGRAVE
 10
173.7
 20
89.0
 30
0.0
 70
0
  0
SEQEND
  5
20C
  8
ENGRAVE
  0
POLYLINE
  5
20F
  8
ENGRAVE
 66
1
 10
0.0
 20
0.0
 30
0.0
 70
0
  0
VERTEX
  5
211
  8
ENGRAVE
 10
173.7
 20
80.0
 30
0.0
 70
0
  0
VERTEX
  5
212
  8
ENGRAVE
 10
173.7
 20
89.0
 30
0.0
 70
0
  0
SEQEND
  5
210
  8
ENGRAVE
  0
POLYLINE
  5
213
  8
ENGRAVE
 66
1
 10
0.0
 20
0.0
 30
0.0
 70
0
  0
VERTEX
  5
215
  8
ENGRAVE
 10
173.7
 20
80.0
 30
0.0
 70
0
  0
VERTEX
  5
216
  8
ENGRAVE
 10
181.2
 20
80.0
 30
0.0
 70
0
  0
SEQEND
  5
214
  8
ENGRAVE
  0
POLYLINE
  5
217
  8
ENGRAVE
 66
1
 10
0.0
 20
0.0
 30
0.0
 70
0
  0
VERTEX
  5
219
  8
ENGRAVE
 10
181.2
 20
80.0
 30
0.0
 70
0
  0
VERTEX
  5
21A
  8
ENGRAVE
 10
181.2
 20
89.0
 30
0.0
 70
0
  0
SEQEND
  5
218
  8
ENGRAVE
  0
POLYLINE
  5
21B
  8
CUT
 66
1
 10
0.0
 20
0.0
 30
0.0
 70
1
  0
VERTEX
  5
21D
  8
CUT
 10
300.4
 20
50.0
 30
0.0
 70
0
  0
VERTEX
  5
21E
  8
CUT
 10
300.33980884552
 20
51.22521424293518
 30
0.0
 70
0
  0
VERTEX
  5
21F
  8
CUT
 10
300.15923538208006
 20
54.90085697174072
 30
0.0
 70
0
  0
VERTEX
  5
220
  8
CUT
 10
299.9792427062988
 20
56.11427164077759
 30
0.0
 70
0
  0
VERTEX
  5
221
  8
CUT
 10
299.43926467895506
 20
59.754515647888184
 30
0.0
 70
0
  0
VERTEX
  5
222
  8
CUT
 10
299.14120235443113
 20
60.94444513320923
 30
0.0
 70
0
  0
VERTEX
  5
223
  8
CUT
 10
298.24701538085935
 20
64.51423358917236
 30
0.0
 70
0
  0
VERTEX
  5
224
  8
CUT
 10
297.83375587463377
 20
65.66921830177307
 30
0.0
 70
0
  0
VERTEX
  5
225
  8
CUT
 10
296.593977355957
 20
69.1341724395752
 30
0.0
 70
0
  0
VERTEX
  5
226
  8
CUT
 10
296.0694984436035
 20
70.243088722229
 30
0.0
 70
0
  0
VERTEX
  5
227
  8
CUT
 10
294.49606170654295
 20
73.56983757019043
 30
0.0
 70
0
  0
VERTEX
  5
228
  8
CUT
 10
293.86541690826414
 20
74.62200593948364
 30
0.0
 70
0
  0
VERTEX
  5
229
  8
CUT
 10
291.9734825134277
 20
77.77851104736328
 30
0.0
 70
0
  0
VERTEX
  5
22A
  8
CUT
 10
291.24274291992185
 20
78.76379919052124
 30
0.0
 70
0
  0
VERTEX
  5
22B
  8
CUT
 10
289.0505241394043
 20
81.71966361999512
 30
0.0
 70
0
  0
VERTEX
  5
22C
  8
CUT
 10
288.22672786712644
 20
82.62858247756958
 30
0.0
 70
0
  0
VERTEX
  5
22D
  8
CUT
 10
285.75533905029295
 20
85.35533905029297
 30
0.0
 70
0
  0
VERTEX
  5
22E
  8
CUT
 10
284.8464201927185
 20
86.1791353225708
 30
0.0
 70
0
  0
VERTEX
  5
22F
  8
CUT
 10
282.1196636199951
 20
88.6505241394043
 30
0.0
 70
0
  0
VERTEX
  5
230
  8
CUT
 10
281.13437547683714
 20
89.38126373291016
 30
0.0
 70
0
  0
VERTEX
  5
231
  8
CUT
 10
278.17851104736326
 20
91.57348251342773
 30
0.0
 70
0
  0
VERTEX
  5
232
  8
CUT
 10
277.12634267807005
 20
92.20412731170654
 30
0.0
 70
0
  0
VERTEX
  5
233
  8
CUT
 10
273.9698375701904
 20
94.09606170654297
 30
0.0
 70
0
  0
VERTEX
  5
234
  8
CUT
 10
272.8609212875366
 20
94.62054061889648
 30
0.0
 70
0
  0
VERTEX
  5
235
  8
CUT
 10
269.5341724395752
 20
96.19397735595703
 30
0.0
 70
0
  0
VERTEX
  5
236
  8
CUT
 10
268.37918772697446
 20
96.60723686218262
 30
0.0
 70
0
  0
VERTEX
  5
237
  8
CUT
 10
264.91423358917234
 20
97.84701538085938
 30
0.0
 70
0
  0
VERTEX
  5
238
  8
CUT
 10
263.7243041038513
 20
98.1450777053833
 30
0.0
 70
0
  0
VERTEX
  5
239
  8
CUT
 10
260.15451564788816
 20
99.03926467895508
 30
0.0
 70
0
  0
VERTEX
  5
23A
  8
CUT
 10
258.9411009788513
 20
99.21925735473633
 30
0.0
 70
0
  0
VERTEX
  5
23B
  8
CUT
 10
255.30085697174073
 20
99.75923538208008
 30
0.0
 70
0
  0
VERTEX
  5
23C
  8
CUT
 10
254.07564272880555
 20
99.81942653656006
 30
0.0
 70
0
  0
VERTEX
  5
23D
  8
CUT
 10
250.4
 20
100.0
 30
0.0
 70
0
  0
VERTEX
  5
23E
  8
CUT
 10
249.17478575706483
 20
99.93980884552002
 30
0.0
 70
0
  0
VERTEX
  5
23F
  8
CUT
 10
245.49914302825928
 20
99.75923538208008
 30
0.0
 70
0
  0
VERTEX
  5
240
  8
CUT
 10
244.28572835922242
 20
99.57924270629883
 30
0.0
 70
0
  0
VERTEX
  5
241
  8
CUT
 10
240.64548435211182
 20
99.03926467895508
 30
0.0
 70
0
  0
VERTEX
  5
242
  8
CUT
 10
239.45555486679078
 20
98.74120235443115
 30
0.0
 70
0
  0
VERTEX
  5
243
  8
CUT
 10
235.88576641082764
 20
97.84701538085938
 30
0.0
 70
0
  0
VERTEX
  5
244
  8
CUT
 10
234.73078169822693
 20
97.43375587463379
 30
0.0
 70
0
  0
VERTEX
  5
245
  8
CUT
 10
231.2658275604248
 20
96.19397735595703
 30
0.0
 70
0
  0
VERTEX
  5
246
  8
CUT
 10
230.156911277771
 20
95.66949844360352
 30
0.0
 70
0
  0
VERTEX
  5
247
  8
CUT
 10
226.83016242980958
 20
94.09606170654297
 30
0.0
 70
0
  0
VERTEX
  5
248
  8
CUT
 10
225.77799406051636
 20
93.46541690826416
 30
0.0
 70
0
  0
VERTEX
  5
249
  8
CUT
 10
222.62148895263672
 20
91.57348251342773
 30
0.0
 70
0
  0
VERTEX
  5
24A
  8
CUT
 10
221.63620080947877
 20
90.84274291992188
 30
0.0
 70
0
  0
VERTEX
  5
24B
  8
CUT
 10
218.6803363800049
 20
88.6505241394043
 30
0.0
 70
0
  0
VERTEX
  5
24C
  8
CUT
 10
217.77141752243043
 20
87.82672786712646
 30
0.0
 70
0
  0
VERTEX
  5
24D
  8
CUT
 10
215.04466094970704
 20
85.35533905029297
 30
0.0
 70
0
  0
VERTEX
  5
24E
  8
CUT
 10
214.2208646774292
 20
84.4464201927185
 30
0.0
 70
0
  0
VERTEX
  5
24F
  8
CUT
 10
211.7494758605957
 20
81.71966361999512
 30
0.0
 70
0
  0
VERTEX
  5
250
  8
CUT
 10
211.01873626708985
 20
80.73437547683716
 30
0.0
 70
0
  0
VERTEX
  5
251
  8
CUT
 10
208.82651748657227
 20
77.77851104736328
 30
0.0
 70
0
  0
VERTEX
  5
252
  8
CUT
 10
208.19587268829346
 20
76.72634267807007
 30
0.0
 70
0
  0
VERTEX
  5
253
  8
CUT
 10
206.30393829345704
 20
73.56983757019043
 30
0.0
 70
0
  0
VERTEX
  5
254
  8
CUT
 10
205.77945938110352
 20
72.46092128753662
 30
0.0
 70
0
  0
VERTEX
  5
255
  8
CUT
 10
204.20602264404297
 20
69.1341724395752
 30
0.0
 70
0
  0
VERTEX
  5
256
  8
CUT
 10
203.7927631378174
 20
67.97918772697449
 30
0.0
 70
0
  0
VERTEX
  5
257
  8
CUT
 10
202.55298461914063
 20
64.51423358917236
 30
0.0
 70
0
  0
VERTEX
  5
258
  8
CUT
 10
202.2549222946167
 20
63.32430410385132
 30
0.0
 70
0
  0
VERTEX
  5
259
  8
CUT
 10
201.36073532104493
 20
59.754515647888184
 30
0.0
 70
0
  0
VERTEX
  5
25A
  8
CUT
 10
201.18074264526368
 20
58.54110097885132
 30
0.0
 70
0
  0
VERTEX
  5
25B
  8
CUT
 10
200.64076461791993
 20
54.90085697174072
 30
0.0
 70
0
  0
VERTEX
  5
25C
  8
CUT
 10
200.58057346343995
 20
53.67564272880554
 30
0.0
 70
0
  0
VERTEX
  5
25D
  8
CUT
 10
200.4
 20
49.99999999999999
 30
0.0
 70
0
  0
VERTEX
  5
25E
  8
CUT
 10
200.46019115448
 20
48.77478575706481
 30
0.0
 70
0
  0
VERTEX
  5
25F
  8
CUT
 10
200.64076461791993
 20
45.09914302825928
 30
0.0
 70
0
  0
VERTEX
  5
260
  8
CUT
 10
200.82075729370118
 20
43.88572835922241
 30
0.0
 70
0
  0
VERTEX
  5
261
  8
CUT
 10
201.36073532104493
 20
40.245484352111816
 30
0.0
 70
0
  0
VERTEX
  5
262
  8
CUT
 10
201.65879764556885
 20
39.05555486679077
 30
0.0
 70
0
  0
VERTEX
  5
263
  8
CUT
 10
202.55298461914063
 20
35.48576641082764
 30
0.0
 70
0
  0
VERTEX
  5
264
  8
CUT
 10
202.96624412536622
 20
34.33078169822693
 30
0.0
 70
0
  0
VERTEX
  5
265
  8
CUT
 10
204.20602264404297
 20
30.865827560424805
 30
0.0
 70
0
  0
VERTEX
  5
266
  8
CUT
 10
204.7305015563965
 20
29.756911277770996
 30
0.0
 70
0
  0
VERTEX
  5
267
  8
CUT
 10
206.30393829345704
 20
26.43016242980957
 30
0.0
 70
0
  0
VERTEX
  5
268
  8
CUT
 10
206.93458309173585
 20
25.377994060516357
 30
0.0
 70
0
  0
VERTEX
  5
269
  8
CUT
 10
208.82651748657227
 20
22.22148895263672
 30
0.0
 70
0
  0
VERTEX
  5
26A
  8
CUT
 10
209.55725708007813
 20
21.23620080947876
 30
0.0
 70
0
  0
VERTEX
  5
26B
  8
CUT
 10
211.7494758605957
 20
18.280336380004883
 30
0.0
 70
0
  0
VERTEX
  5
26C
  8
CUT
 10
212.57327213287354
 20
17.37141752243042
 30
0.0
 70
0
  0
VERTEX
  5
26D
  8
CUT
 10
215.04466094970704
 20
14.644660949707031
 30
0.0
 70
0
  0
VERTEX
  5
26E
  8
CUT
 10
215.9535798072815
 20
13.8208646774292
 30
0.0
 70
0
  0
VERTEX
  5
26F
  8
CUT
 10
218.6803363800049
 20
11.349475860595703
 30
0.0
 70
0
  0
VERTEX
  5
270
  8
CUT
 10
219.66562452316285
 20
10.618736267089844
 30
0.0
 70
0
  0
VERTEX
  5
271
  8
CUT
 10
222.62148895263672
 20
8.426517486572266
 30
0.0
 70
0
  0
VERTEX
  5
272
  8
CUT
 10
223.67365732192994
 20
7.795872688293457
 30
0.0
 70
0
  0
VERTEX
  5
273
  8
CUT
 10
226.83016242980958
 20
5.903938293457031
 30
0.0
 70
0
  0
VERTEX
  5
274
  8
CUT
 10
227.93907871246338
 20
5.379459381103516
 30
0.0
 70
0
  0
VERTEX
  5
275
  8
CUT
 10
231.2658275604248
 20
3.8060226440429688
 30
0.0
 70
0
  0
VERTEX
  5
276
  8
CUT
 10
232.42081227302552
 20
3.392763137817383
 30
0.0
 70
0
  0
VERTEX
  5
277
  8
CUT
 10
235.88576641082764
 20
2.152984619140625
 30
0.0
 70
0
  0
VERTEX
  5
278
  8
CUT
 10
237.0756958961487
 20
1.8549222946166992
 30
0.0
 70
0
  0
VERTEX
  5
279
  8
CUT
 10
240.64548435211182
 20
0.9607353210449219
 30
0.0
 70
0
  0
VERTEX
  5
27A
  8
CUT
 10
241.8588990211487
 20
0.7807426452636719
 30
0.0
 70
0
  0
VERTEX
  5
27B
  8
CUT
 10
245.49914302825928
 20
0.24076461791992188
 30
0.0
 70
0
  0
VERTEX
  5
27C
  8
CUT
 10
246.72435727119446
 20
0.1805734634399414
 30
0.0
 70
0
  0
VERTEX
  5
27D
  8
CUT
 10
250.4
 20
0.0
 30
0.0
 70
0
  0
VERTEX
  5
27E
  8
CUT
 10
251.6252142429352
 20
0.06019115447998047
 30
0.0
 70
0
  0
VERTEX
  5
27F
  8
CUT
 10
255.30085697174073
 20
0.24076461791992188
 30
0.0
 70
0
  0
VERTEX
  5
280
  8
CUT
 10
256.51427164077757
 20
0.4207572937011719
 30
0.0
 70
0
  0
VERTEX
  5
281
  8
CUT
 10
260.15451564788816
 20
0.9607353210449219
 30
0.0
 70
0
  0
VERTEX
  5
282
  8
CUT
 10
261.3444451332092
 20
1.2587976455688477
 30
0.0
 70
0
  0
VERTEX
  5
283
  8
CUT
 10
264.91423358917234
 20
2.152984619140625
 30
0.0
 70
0
  0
VERTEX
  5
284
  8
CUT
 10
266.06921830177305
 20
2.566244125366211
 30
0.0
 70
0
  0
VERTEX
  5
285
  8
CUT
 10
269.5341724395752
 20
3.8060226440429688
 30
0.0
 70
0
  0
VERTEX
  5
286
  8
CUT
 10
270.643088722229
 20
4.330501556396484
 30
0.0
 70
0
  0
VERTEX
  5
287
  8
CUT
 10
273.9698375701904
 20
5.903938293457031
 30
0.0
 70
0
  0
VERTEX
  5
288
  8
CUT
 10
275.0220059394836
 20
6.53458309173584
 30
0.0
 70
0
  0
VERTEX
  5
289
  8
CUT
 10
278.17851104736326
 20
8.426517486572266
 30
0.0
 70
0
  0
VERTEX
  5
28A
  8
CUT
 10
279.1637991905212
 20
9.157257080078125
 30
0.0
 70
0
  0
VERTEX
  5
28B
  8
CUT
 10
282.1196636199951
 20
11.349475860595703
 30
0.0
 70
0
  0
VERTEX
  5
28C
  8
CUT
 10
283.02858247756956
 20
12.173272132873535
 30
0.0
 70
0
  0
VERTEX
  5
28D
  8
CUT
 10
285.75533905029295
 20
14.644660949707031
 30
0.0
 70
0
  0
VERTEX
  5
28E
  8
CUT
 10
286.5791353225708
 20
15.553579807281494
 30
0.0
 70
0
  0
VERTEX
  5
28F
  8
CUT
 10
289.0505241394043
 20
18.280336380004883
 30
0.0
 70
0
  0
VERTEX
  5
290
  8
CUT
 10
289.78126373291013
 20
19.265624523162842
 30
0.0
 70
0
  0
VERTEX
  5
291
  8
CUT
 10
291.9734825134277
 20
22.22148895263672
 30
0.0
 70
0
  0
VERTEX
  5
292
  8
CUT
 10
292.6041273117065
 20
23.27365732192993
 30
0.0
 70
0
  0
VERTEX
  5
293
  8
CUT
 10
294.49606170654295
 20
26.43016242980957
 30
0.0
 70
0
  0
VERTEX
  5
294
  8
CUT
 10
295.02054061889646
 20
27.53907871246338
 30
0.0
 70
0
  0
VERTEX
  5
295
  8
CUT
 10
296.593977355957
 20
30.865827560424805
 30
0.0
 70
0
  0
VERTEX
  5
296
  8
CUT
 10
297.0072368621826
 20
32.02081227302551
 30
0.0
 70
0
  0
VERTEX
  5
297
  8
CUT
 10
298.24701538085935
 20
35.48576641082764
 30
0.0
 70
0
  0
VERTEX
  5
298
  8
CUT
 10
298.5450777053833
 20
36.67569589614868
 30
0.0
 70
0
  0
VERTEX
  5
299
  8
CUT
 10
299.43926467895506
 20
40.245484352111816
 30
0.0
 70
0
  0
VERTEX
  5
29A
  8
CUT
 10
299.6192573547363
 20
41.45889902114868
 30
0.0
 70
0
  0
VERTEX
  5
29B
  8
CUT
 10
300.15923538208006
 20
45.09914302825928
 30
0.0
 70
0
  0
VERTEX
  5
29C
  8
CUT
 10
300.21942653656004
 20
46.32435727119446
 30
0.0
 70
0
  0
SEQEND
  5
21C
  8
CUT
  0
POLYLINE
  5
29D
  8
CUT
 66
1
 10
0.0
 20
0.0
 30
0.0
 70
1
  0
VERTEX
  5
29F
  8
CUT
 10
241.4
 20
8.0
 30
0.0
 70
0
  0
VERTEX
  5
2A0
  8
CUT
 10
241.3423558412097
 20
7.414729033951616
 30
0.0
 70
0
  0
VERTEX
  5
2A1
  8
CUT
 10
241.17163859753387
 20
6.851949702904733
 30
0.0
 70
0
  0
VERTEX
  5
2A2
  8
CUT
 10
240.89440883690764
 20
6.333289300941196
 30
0.0
 70
0
  0
VERTEX
  5
2A3
  8
CUT
 10
240.52132034355964
 20
5.8786796564403545
 30
0.0
 70
0
  0
VERTEX
  5
2A4
  8
CUT
 10
240.0667106990588
 20
5.505591163092362
 30
0.0
 70
0
  0
VERTEX
  5
2A5
  8
CUT
 10
239.54805029709527
 20
5.228361402466142
 30
0.0
 70
0
  0
VERTEX
  5
2A6
  8
CUT
 10
238.9852709660484
 20
5.0576441587903105
 30
0.0
 70
0
  0
VERTEX
  5
2A7
  8
CUT
 10
238.4
 20
5.0
 30
0.0
 70
0
  0
VERTEX
  5
2A8
  8
CUT
 10
237.8147290339516
 20
5.0576441587903105
 30
0.0
 70
0
  0
VERTEX
  5
2A9
  8
CUT
 10
237.25194970290474
 20
5.228361402466142
 30
0.0
 70
0
  0
VERTEX
  5
2AA
  8
CUT
 10
236.7332893009412
 20
5.505591163092362
 30
0.0
 70
0
  0
VERTEX
  5
2AB
  8
CUT
 10
236.27867965644037
 20
5.8786796564403545
 30
0.0
 70
0
  0
VERTEX
  5
2AC
  8
CUT
 10
235.90559116309237
 20
6.333289300941196
 30
0.0
 70
0
  0
VERTEX
  5
2AD
  8
CUT
 10
235.62836140246614
 20
6.851949702904733
 30
0.0
 70
0
  0
VERTEX
  5
2AE
  8
CUT
 10
235.45764415879032
 20
7.414729033951616
 30
0.0
 70
0
  0
VERTEX
  5
2AF
  8
CUT
 10
235.4
 20
8.0
 30
0.0
 70
0
  0
VERTEX
  5
2B0
  8
CUT
 10
235.45764415879032
 20
8.585270966048384
 30
0.0
 70
0
  0
VERTEX
  5
2B1
  8
CUT
 10
235.62836140246614
 20
9.148050297095267
 30
0.0
 70
0
  0
VERTEX
  5
2B2
  8
CUT
 10
235.90559116309237
 20
9.666710699058804
 30
0.0
 70
0
  0
VERTEX
  5
2B3
  8
CUT
 10
236.27867965644037
 20
10.121320343559645
 30
0.0
 70
0
  0
VERTEX
  5
2B4
  8
CUT
 10
236.7332893009412
 20
10.494408836907638
 30
0.0
 70
0
  0
VERTEX
  5
2B5
  8
CUT
 10
237.25194970290474
 20
10.771638597533858
 30
0.0
 70
0
  0
VERTEX
  5
2B6
  8
CUT
 10
237.8147290339516
 20
10.94235584120969
 30
0.0
 70
0
  0
VERTEX
  5
2B7
  8
CUT
 10
238.4
 20
11.0
 30
0.0
 70
0
  0
VERTEX
  5
2B8
  8
CUT
 10
238.9852709660484
 20
10.94235584120969
 30
0.0
 70
0
  0
VERTEX
  5
2B9
  8
CUT
 10
239.54805029709527
 20
10.771638597533858
 30
0.0
 70
0
  0
VERTEX
  5
2BA
  8
CUT
 10
240.0667106990588
 20
10.494408836907638
 30
0.0
 70
0
  0
VERTEX
  5
2BB
  8
CUT
 10
240.52132034355964
 20
10.121320343559645
 30
0.0
 70
0
  0
VERTEX
  5
2BC
  8
CUT
 10
240.89440883690764
 20
9.666710699058804
 30
0.0
 70
0
  0
VERTEX
  5
2BD
  8
CUT
 10
241.17163859753387
 20
9.148050297095274
 30
0.0
 70
0
  0
VERTEX
  5
2BE
  8
CUT
 10
241.3423558412097
 20
8.585270966048384
 30
0.0
 70
0
  0
SEQEND
  5
29E
  8
CUT
  0
POLYLINE
  5
2BF
  8
CUT
 66
1
 10
0.0
 20
0.0
 30
0.0
 70
1
  0
VERTEX
  5
2C1
  8
CUT
 10
265.4
 20
92.0
 30
0.0
 70
0
  0
VERTEX
  5
2C2
  8
CUT
 10
265.3423558412097
 20
91.41472903395162
 30
0.0
 70
0
  0
VERTEX
  5
2C3
  8
CUT
 10
265.17163859753384
 20
90.85194970290473
 30
0.0
 70
0
  0
VERTEX
  5
2C4
  8
CUT
 10
264.89440883690764
 20
90.3332893009412
 30
0.0
 70
0
  0
VERTEX
  5
2C5
  8
CUT
 10
264.52132034355964
 20
89.87867965644035
 30
0.0
 70
0
  0
VERTEX
  5
2C6
  8
CUT
 10
264.06671069905883
 20
89.50559116309236
 30
0.0
 70
0
  0
VERTEX
  5
2C7
  8
CUT
 10
263.5480502970953
 20
89.22836140246613
 30
0.0
 70
0
  0
VERTEX
  5
2C8
  8
CUT
 10
262.9852709660484
 20
89.05764415879031
 30
0.0
 70
0
  0
VERTEX
  5
2C9
  8
CUT
 10
262.4
 20
89.0
 30
0.0
 70
0
  0
VERTEX
  5
2CA
  8
CUT
 10
261.8147290339516
 20
89.05764415879031
 30
0.0
 70
0
  0
VERTEX
  5
2CB
  8
CUT
 10
261.2519497029047
 20
89.22836140246613
 30
0.0
 70
0
  0
VERTEX
  5
2CC
  8
CUT
 10
260.7332893009412
 20
89.50559116309236
 30
0.0
 70
0
  0
VERTEX
  5
2CD
  8
CUT
 10
260.2786796564404
 20
89.87867965644035
 30
0.0
 70
0
  0
VERTEX
  5
2CE
  8
CUT
 10
259.90559116309237
 20
90.3332893009412
 30
0.0
 70
0
  0
VERTEX
  5
2CF
  8
CUT
 10
259.62836140246617
 20
90.85194970290473
 30
0.0
 70
0
  0
VERTEX
  5
2D0
  8
CUT
 10
259.4576441587903
 20
91.41472903395162
 30
0.0
 70
0
  0
VERTEX
  5
2D1
  8
CUT
 10
259.4
 20
92.0
 30
0.0
 70
0
  0
VERTEX
  5
2D2
  8
CUT
 10
259.4576441587903
 20
92.58527096604838
 30
0.0
 70
0
  0
VERTEX
  5
2D3
  8
CUT
 10
259.62836140246617
 20
93.14805029709527
 30
0.0
 70
0
  0
VERTEX
  5
2D4
  8
CUT
 10
259.90559116309237
 20
93.6667106990588
 30
0.0
 70
0
  0
VERTEX
  5
2D5
  8
CUT
 10
260.2786796564404
 20
94.12132034355965
 30
0.0
 70
0
  0
VERTEX
  5
2D6
  8
CUT
 10
260.7332893009412
 20
94.49440883690764
 30
0.0
 70
0
  0
VERTEX
  5
2D7
  8
CUT
 10
261.2519497029047
 20
94.77163859753387
 30
0.0
 70
0
  0
VERTEX
  5
2D8
  8
CUT
 10
261.8147290339516
 20
94.94235584120969
 30
0.0
 70
0
  0
VERTEX
  5
2D9
  8
CUT
 10
262.4
 20
95.0
 30
0.0
 70
0
  0
VERTEX
  5
2DA
  8
CUT
 10
262.9852709660484
 20
94.94235584120969
 30
0.0
 70
0
  0
VERTEX
  5
2DB
  8
CUT
 10
263.5480502970953
 20
94.77163859753387
 30
0.0
 70
0
  0
VERTEX
  5
2DC
  8
CUT
 10
264.06671069905883
 20
94.49440883690764
 30
0.0
 70
0
  0
VERTEX
  5
2DD
  8
CUT
 10
264.52132034355964
 20
94.12132034355965
 30
0.0
 70
0
  0
VERTEX
  5
2DE
  8
CUT
 10
264.89440883690764
 20
93.6667106990588
 30
0.0
 70
0
  0
VERTEX
  5
2DF
  8
CUT
 10
265.17163859753384
 20
93.14805029709527
 30
0.0
 70
0
  0
VERTEX
  5
2E0
  8
CUT
 10
265.3423558412097
 20
92.58527096604838
 30
0.0
 70
0
  0
SEQEND
  5
2C0
  8
CUT
  0
POLYLINE
  5
2E1
  8
CUT
 66
1
 10
0.0
 20
0.0
 30
0.0
 70
1
  0
VERTEX
  5
2E3
  8
CUT
 10
295.4
 20
38.0
 30
0.0
 70
0
  0
VERTEX
  5
2E4
  8
CUT
 10
295.3423558412097
 20
37.414729033951616
 30
0.0
 70
0
  0
VERTEX
  5
2E5
  8
CUT
 10
295.17163859753384
 20
36.85194970290473
 30
0.0
 70
0
  0
VERTEX
  5
2E6
  8
CUT
 10
294.89440883690764
 20
36.33328930094119
 30
0.0
 70
0
  0
VERTEX
  5
2E7
  8
CUT
 10
294.52132034355964
 20
35.878679656440355
 30
0.0
 70
0
  0
VERTEX
  5
2E8
  8
CUT
 10
294.06671069905883
 20
35.50559116309236
 30
0.0
 70
0
  0
VERTEX
  5
2E9
  8
CUT
 10
293.5480502970953
 20
35.22836140246614
 30
0.0
 70
0
  0
VERTEX
  5
2EA
  8
CUT
 10
292.9852709660484
 20
35.05764415879031
 30
0.0
 70
0
  0
VERTEX
  5
2EB
  8
CUT
 10
292.4
 20
35.0
 30
0.0
 70
0
  0
VERTEX
  5
2EC
  8
CUT
 10
291.8147290339516
 20
35.05764415879031
 30
0.0
 70
0
  0
VERTEX
  5
2ED
  8
CUT
 10
291.25194970290477
 20
35.22836140246614
 30
0.0
 70
0
  0
VERTEX
  5
2EE
  8
CUT
 10
290.7332893009412
 20
35.50559116309236
 30
0.0
 70
0
  0
VERTEX
  5
2EF
  8
CUT
 10
290.2786796564404
 20
35.878679656440355
 30
0.0
 70
0
  0
VERTEX
  5
2F0
  8
CUT
 10
289.90559116309237
 20
36.33328930094119
 30
0.0
 70
0
  0
VERTEX
  5
2F1
  8
CUT
 10
289.62836140246617
 20
36.85194970290473
 30
0.0
 70
0
  0
VERTEX
  5
2F2
  8
CUT
 10
289.45764415879034
 20
37.414729033951616
 30
0.0
 70
0
  0
VERTEX
  5
2F3
  8
CUT
 10
289.4
 20
38.0
 30
0.0
 70
0
  0
VERTEX
  5
2F4
  8
CUT
 10
289.45764415879034
 20
38.585270966048384
 30
0.0
 70
0
  0
VERTEX
  5
2F5
  8
CUT
 10
289.62836140246617
 20
39.14805029709527
 30
0.0
 70
0
  0
VERTEX
  5
2F6
  8
CUT
 10
289.90559116309237
 20
39.666710699058804
 30
0.0
 70
0
  0
VERTEX
  5
2F7
  8
CUT
 10
290.2786796564404
 20
40.121320343559645
 30
0.0
 70
0
  0
VERTEX
  5
2F8
  8
CUT
 10
290.7332893009412
 20
40.49440883690764
 30
0.0
 70
0
  0
VERTEX
  5
2F9
  8
CUT
 10
291.2519497029047
 20
40.77163859753386
 30
0.0
 70
0
  0
VERTEX
  5
2FA
  8
CUT
 10
291.8147290339516
 20
40.94235584120969
 30
0.0
 70
0
  0
VERTEX
  5
2FB
  8
CUT
 10
292.4
 20
41.0
 30
0.0
 70
0
  0
VERTEX
  5
2FC
  8
CUT
 10
292.9852709660484
 20
40.94235584120969
 30
0.0
 70
0
  0
VERTEX
  5
2FD
  8
CUT
 10
293.5480502970953
 20
40.77163859753386
 30
0.0
 70
0
  0
VERTEX
  5
2FE
  8
CUT
 10
294.06671069905883
 20
40.49440883690764
 30
0.0
 70
0
  0
VERTEX
  5
2FF
  8
CUT
 10
294.52132034355964
 20
40.121320343559645
 30
0.0
 70
0
  0
VERTEX
  5
300
  8
CUT
 10
294.89440883690764
 20
39.66671069905881
 30
0.0
 70
0
  0
VERTEX
  5
301
  8
CUT
 10
295.17163859753384
 20
39.14805029709527
 30
0.0
 70
0
  0
VERTEX
  5
302
  8
CUT
 10
295.3423558412097
 20
38.585270966048384
 30
0.0
 70
0
  0
SEQEND
  5
2E2
  8
CUT
  0
POLYLINE
  5
303
  8
ENGRAVE
 66
1
 10
0.0
 20
0.0
 30
0.0
 70
0
  0
VERTEX
  5
305
  8
ENGRAVE
 10
266.4
 20
80.0
 30
0.0
 70
0
  0
VERTEX
  5
306
  8
ENGRAVE
 10
266.4
 20
89.0
 30
0.0
 70
0
  0
SEQEND
  5
304
  8
ENGRAVE
  0
POLYLINE
  5
307
  8
ENGRAVE
 66
1
 10
0.0
 20
0.0
 30
0.0
 70
0
  0
VERTEX
  5
309
  8
ENGRAVE
 10
266.4
 20
89.0
 30
0.0
 70
0
  0
VERTEX
  5
30A
  8
ENGRAVE
 10
273.9
 20
89.0
 30
0.0
 70
0
  0
SEQEND
  5
308
  8
ENGRAVE
  0
POLYLINE
  5
30B
  8
ENGRAVE
 66
1
 10
0.0
 20
0.0
 30
0.0
 70
0
  0
VERTEX
  5
30D
  8
ENGRAVE
 10
273.9
 20
80.0
 30
0.0
 70
0
  0
VERTEX
  5
30E
  8
ENGRAVE
 10
273.9
 20
89.0
 30
0.0
 70
0
  0
SEQEND
  5
30C
  8
ENGRAVE
  0
POLYLINE
  5
30F
  8
ENGRAVE
 66
1
 10
0.0
 20
0.0
 30
0.0
 70
0
  0
VERTEX
  5
311
  8
ENGRAVE
 10
273.9
 20
89.0
 30
0.0
 70
0
  0
VERTEX
  5
312
  8
ENGRAVE
 10
281.4
 20
89.0
 30
0.0
 70
0
  0
SEQEND
  5
310
  8
ENGRAVE
  0
POLYLINE
  5
313
  8
ENGRAVE
 66
1
 10
0.0
 20
0.0
 30
0.0
 70
0
  0
VERTEX
  5
315
  8
ENGRAVE
 10
281.4
 20
80.0
 30
0.0
 70
0
  0
VERTEX
  5
316
  8
ENGRAVE
 10
281.4
 20
89.0
 30
0.0
 70
0
  0
SEQEND
  5
314
  8
ENGRAVE
  0
POLYLINE
  5
317
  8
CUT
 66
1
 10
0.0
 20
0.0
 30
0.0
 70
1
  0
VERTEX
  5
319
  8
CUT
 10
400.6
 20
50.0
 30
0.0
 70
0
  0
VERTEX
  5
31A
  8
CUT
 10
400.51573238372805
 20
51.715299940109254
 30
0.0
 70
0
  0
VERTEX
  5
31B
  8
CUT
 10
400.3592353820801
 20
54.90085697174072
 30
0.0
 70
0
  0
VERTEX
  5
31C
  8
CUT
 10
400.1072456359864
 20
56.599637508392334
 30
0.0
 70
0
  0
VERTEX
  5
31D
  8
CUT
 10
399.6392646789551
 20
59.754515647888184
 30
0.0
 70
0
  0
VERTEX
  5
31E
  8
CUT
 10
399.2219774246216
 20
61.42041692733765
 30
0.0
 70
0
  0
VERTEX
  5
31F
  8
CUT
 10
398.4470153808594
 20
64.51423358917236
 30
0.0
 70
0
  0
VERTEX
  5
320
  8
CUT
 10
397.86845207214355
 20
66.13121218681336
 30
0.0
 70
0
  0
VERTEX
  5
321
  8
CUT
 10
396.79397735595705
 20
69.1341724395752
 30
0.0
 70
0
  0
VERTEX
  5
322
  8
CUT
 10
396.05970687866215
 20
70.68665523529053
 30
0.0
 70
0
  0
VERTEX
  5
323
  8
CUT
 10
394.696061706543
 20
73.56983757019043
 30
0.0
 70
0
  0
VERTEX
  5
324
  8
CUT
 10
393.81315898895264
 20
75.04287328720093
 30
0.0
 70
0
  0
VERTEX
  5
325
  8
CUT
 10
392.17348251342776
 20
77.77851104736328
 30
0.0
 70
0
  0
VERTEX
  5
326
  8
CUT
 10
391.1504470825196
 20
79.15791444778442
 30
0.0
 70
0
  0
VERTEX
  5
327
  8
CUT
 10
389.2505241394043
 20
81.71966361999512
 30
0.0
 70
0
  0
VERTEX
  5
328
  8
CUT
 10
388.09720935821537
 20
82.99215002059937
 30
0.0
 70
0
  0
VERTEX
  5
329
  8
CUT
 10
385.955339050293
 20
85.35533905029297
 30
0.0
 70
0
  0
VERTEX
  5
32A
  8
CUT
 10
384.68285264968875
 20
86.50865383148194
 30
0.0
 70
0
  0
VERTEX
  5
32B
  8
CUT
 10
382.31966361999514
 20
88.6505241394043
 30
0.0
 70
0
  0
VERTEX
  5
32C
  8
CUT
 10
380.940260219574
 20
89.6735595703125
 30
0.0
 70
0
  0
VERTEX
  5
32D
  8
CUT
 10
378.3785110473633
 20
91.57348251342773
 30
0.0
 70
0
  0
VERTEX
  5
32E
  8
CUT
 10
376.90547533035283
 20
92.45638523101806
 30
0.0
 70
0
  0
VERTEX
  5
32F
  8
CUT
 10
374.16983757019045
 20
94.09606170654297
 30
0.0
 70
0
  0
VERTEX
  5
330
  8
CUT
 10
372.61735477447513
 20
94.8303321838379
 30
0.0
 70
0
  0
VERTEX
  5
331
  8
CUT
 10
369.7341724395752
 20
96.19397735595703
 30
0.0
 70
0
  0
VERTEX
  5
332
  8
CUT
 10
368.11719384193424
 20
96.77254066467285
 30
0.0
 70
0
  0
VERTEX
  5
333
  8
CUT
 10
365.1142335891724
 20
97.84701538085938
 30
0.0
 70
0
  0
VERTEX
  5
334
  8
CUT
 10
363.4483323097229
 20
98.26430263519288
 30
0.0
 70
0
  0
VERTEX
  5
335
  8
CUT
 10
360.3545156478882
 20
99.03926467895508
 30
0.0
 70
0
  0
VERTEX
  5
336
  8
CUT
 10
358.6557351112366
 20
99.29125442504883
 30
0.0
 70
0
  0
VERTEX
  5
337
  8
CUT
 10
355.50085697174075
 20
99.75923538208008
 30
0.0
 70
0
  0
VERTEX
  5
338
  8
CUT
 10
353.78555703163147
 20
99.84350299835205
 30
0.0
 70
0
  0
VERTEX
  5
339
  8
CUT
 10
350.6
 20
100.0
 30
0.0
 70
0
  0
VERTEX
  5
33A
  8
CUT
 10
348.88470005989075
 20
99.91573238372803
 30
0.0
 70
0
  0
VERTEX
  5
33B
  8
CUT
 10
345.6991430282593
 20
99.75923538208008
 30
0.0
 70
0
  0
VERTEX
  5
33C
  8
CUT
 10
344.0003624916077
 20
99.50724563598632
 30
0.0
 70
0
  0
VERTEX
  5
33D
  8
CUT
 10
340.84548435211184
 20
99.03926467895508
 30
0.0
 70
0
  0
VERTEX
  5
33E
  8
CUT
 10
339.17958307266235
 20
98.62197742462158
 30
0.0
 70
0
  0
VERTEX
  5
33F
  8
CUT
 10
336.08576641082766
 20
97.84701538085938
 30
0.0
 70
0
  0
VERTEX
  5
340
  8
CUT
 10
334.4687878131867
 20
97.26845207214356
 30
0.0
 70
0
  0
VERTEX
  5
341
  8
CUT
 10
331.4658275604248
 20
96.19397735595703
 30
0.0
 70
0
  0
VERTEX
  5
342
  8
CUT
 10
329.9133447647095
 20
95.4597068786621
 30
0.0
 70
0
  0
VERTEX
  5
343
  8
CUT
 10
327.0301624298096
 20
94.09606170654297
 30
0.0
 70
0
  0
VERTEX
  5
344
  8
CUT
 10
325.5571267127991
 20
93.21315898895264
 30
0.0
 70
0
  0
VERTEX
  5
345
  8
CUT
 10
322.82148895263674
 20
91.57348251342773
 30
0.0
 70
0
  0
VERTEX
  5
346
  8
CUT
 10
321.4420855522156
 20
90.55044708251953
 30
0.0
 70
0
  0
VERTEX
  5
347
  8
CUT
 10
318.8803363800049
 20
88.6505241394043
 30
0.0
 70
0
  0
VERTEX
  5
348
  8
CUT
 10
317.60784997940067
 20
87.49720935821533
 30
0.0
 70
0
  0
VERTEX
  5
349
  8
CUT
 10
315.24466094970705
 20
85.35533905029297
 30
0.0
 70
0
  0
VERTEX
  5
34A
  8
CUT
 10
314.0913461685181
 20
84.08285264968872
 30
0.0
 70
0
  0
VERTEX
  5
34B
  8
CUT
 10
311.9494758605957
 20
81.71966361999512
 30
0.0
 70
0
  0
VERTEX
  5
34C
  8
CUT
 10
310.92644042968755
 20
80.34026021957398
 30
0.0
 70
0
  0
VERTEX
  5
34D
  8
CUT
 10
309.0265174865723
 20
77.77851104736328
 30
0.0
 70
0
  0
VERTEX
  5
34E
  8
CUT
 10
308.14361476898193
 20
76.30547533035278
 30
0.0
 70
0
  0
VERTEX
  5
34F
  8
CUT
 10
306.50393829345705
 20
73.56983757019043
 30
0.0
 70
0
  0
VERTEX
  5
350
  8
CUT
 10
305.76966781616215
 20
72.0173547744751
 30
0.0
 70
0
  0
VERTEX
  5
351
  8
CUT
 10
304.406022644043
 20
69.1341724395752
 30
0.0
 70
0
  0
VERTEX
  5
352
  8
CUT
 10
303.82745933532715
 20
67.5171938419342
 30
0.0
 70
0
  0
VERTEX
  5
353
  8
CUT
 10
302.75298461914065
 20
64.51423358917236
 30
0.0
 70
0
  0
VERTEX
  5
354
  8
CUT
 10
302.3356973648072
 20
62.8483323097229
 30
0.0
 70
0
  0
VERTEX
  5
355
  8
CUT
 10
301.56073532104494
 20
59.754515647888184
 30
0.0
 70
0
  0
VERTEX
  5
356
  8
CUT
 10
301.3087455749512
 20
58.05573511123657
 30
0.0
 70
0
  0
VERTEX
  5
357
  8
CUT
 10
300.84076461791994
 20
54.90085697174072
 30
0.0
 70
0
  0
VERTEX
  5
358
  8
CUT
 10
300.756497001648
 20
53.18555703163147
 30
0.0
 70
0
  0
VERTEX
  5
359
  8
CUT
 10
300.6
 20
49.99999999999999
 30
0.0
 70
0
  0
VERTEX
  5
35A
  8
CUT
 10
300.684267616272
 20
48.28470005989074
 30
0.0
 70
0
  0
VERTEX
  5
35B
  8
CUT
 10
300.84076461791994
 20
45.09914302825928
 30
0.0
 70
0
  0
VERTEX
  5
35C
  8
CUT
 10
301.0927543640137
 20
43.400362491607666
 30
0.0
 70
0
  0
VERTEX
  5
35D
  8
CUT
 10
301.56073532104494
 20
40.245484352111816
 30
0.0
 70
0
  0
VERTEX
  5
35E
  8
CUT
 10
301.9780225753784
 20
38.57958307266235
 30
0.0
 70
0
  0
VERTEX
  5
35F
  8
CUT
 10
302.75298461914065
 20
35.48576641082764
 30
0.0
 70
0
  0
VERTEX
  5
360
  8
CUT
 10
303.3315479278565
 20
33.86878781318664
 30
0.0
 70
0
  0
VERTEX
  5
361
  8
CUT
 10
304.406022644043
 20
30.865827560424805
 30
0.0
 70
0
  0
VERTEX
  5
362
  8
CUT
 10
305.1402931213379
 20
29.313344764709473
 30
0.0
 70
0
  0
VERTEX
  5
363
  8
CUT
 10
306.50393829345705
 20
26.43016242980957
 30
0.0
 70
0
  0
VERTEX
  5
364
  8
CUT
 10
307.3868410110474
 20
24.957126712799074
 30
0.0
 70
0
  0
VERTEX
  5
365
  8
CUT
 10
309.0265174865723
 20
22.22148895263672
 30
0.0
 70
0
  0
VERTEX
  5
366
  8
CUT
 10
310.04955291748047
 20
20.842085552215575
 30
0.0
 70
0
  0
VERTEX
  5
367
  8
CUT
 10
311.9494758605957
 20
18.280336380004883
 30
0.0
 70
0
  0
VERTEX
  5
368
  8
CUT
 10
313.1027906417847
 20
17.007849979400632
 30
0.0
 70
0
  0
VERTEX
  5
369
  8
CUT
 10
315.24466094970705
 20
14.644660949707031
 30
0.0
 70
0
  0
VERTEX
  5
36A
  8
CUT
 10
316.5171473503113
 20
13.491346168518064
 30
0.0
 70
0
  0
VERTEX
  5
36B
  8
CUT
 10
318.8803363800049
 20
11.349475860595703
 30
0.0
 70
0
  0
VERTEX
  5
36C
  8
CUT
 10
320.25973978042606
 20
10.326440429687501
 30
0.0
 70
0
  0
VERTEX
  5
36D
  8
CUT
 10
322.82148895263674
 20
8.426517486572266
 30
0.0
 70
0
  0
VERTEX
  5
36E
  8
CUT
 10
324.2945246696472
 20
7.543614768981932
 30
0.0
 70
0
  0
VERTEX
  5
36F
  8
CUT
 10
327.0301624298096
 20
5.903938293457031
 30
0.0
 70
0
  0
VERTEX
  5
370
  8
CUT
 10
328.5826452255249
 20
5.169667816162111
 30
0.0
 70
0
  0
VERTEX
  5
371
  8
CUT
 10
331.4658275604248
 20
3.8060226440429688
 30
0.0
 70
0
  0
VERTEX
  5
372
  8
CUT
 10
333.0828061580658
 20
3.227459335327147
 30
0.0
 70
0
  0
VERTEX
  5
373
  8
CUT
 10
336.08576641082766
 20
2.152984619140625
 30
0.0
 70
0
  0
VERTEX
  5
374
  8
CUT
 10
337.75166769027715
 20
1.7356973648071303
 30
0.0
 70
0
  0
VERTEX
  5
375
  8
CUT
 10
340.84548435211184
 20
0.9607353210449219
 30
0.0
 70
0
  0
VERTEX
  5
376
  8
CUT
 10
342.54426488876345
 20
0.7087455749511733
 30
0.0
 70
0
  0
VERTEX
  5
377
  8
CUT
 10
345.6991430282593
 20
0.24076461791992188
 30
0.0
 70
0
  0
VERTEX
  5
378
  8
CUT
 10
347.4144429683686
 20
0.15649700164794922
 30
0.0
 70
0
  0
VERTEX
  5
379
  8
CUT
 10
350.6
 20
0.0
 30
0.0
 70
0
  0
VERTEX
  5
37A
  8
CUT
 10
352.3152999401093
 20
0.08426761627197266
 30
0.0
 70
0
  0
VERTEX
  5
37B
  8
CUT
 10
355.50085697174075
 20
0.24076461791992188
 30
0.0
 70
0
  0
VERTEX
  5
37C
  8
CUT
 10
357.19963750839236
 20
0.49275436401367045
 30
0.0
 70
0
  0
VERTEX
  5
37D
  8
CUT
 10
360.3545156478882
 20
0.9607353210449219
 30
0.0
 70
0
  0
VERTEX
  5
37E
  8
CUT
 10
362.0204169273377
 20
1.3780225753784165
 30
0.0
 70
0
  0
VERTEX
  5
37F
  8
CUT
 10
365.1142335891724
 20
2.152984619140625
 30
0.0
 70
0
  0
VERTEX
  5
380
  8
CUT
 10
366.73121218681337
 20
2.7315479278564467
 30
0.0
 70
0
  0
VERTEX
  5
381
  8
CUT
 10
369.7341724395752
 20
3.8060226440429688
 30
0.0
 70
0
  0
VERTEX
  5
382
  8
CUT
 10
371.28665523529054
 20
4.540293121337889
 30
0.0
 70
0
  0
VERTEX
  5
383
  8
CUT
 10
374.16983757019045
 20
5.903938293457031
 30
0.0
 70
0
  0
VERTEX
  5
384
  8
CUT
 10
375.6428732872009
 20
6.786841011047365
 30
0.0
 70
0
  0
VERTEX
  5
385
  8
CUT
 10
378.3785110473633
 20
8.426517486572266
 30
0.0
 70
0
  0
VERTEX
  5
386
  8
CUT
 10
379.75791444778446
 20
9.449552917480467
 30
0.0
 70
0
  0
VERTEX
  5
387
  8
CUT
 10
382.31966361999514
 20
11.349475860595703
 30
0.0
 70
0
  0
VERTEX
  5
388
  8
CUT
 10
383.5921500205994
 20
12.50279064178467
 30
0.0
 70
0
  0
VERTEX
  5
389
  8
CUT
 10
385.955339050293
 20
14.644660949707031
 30
0.0
 70
0
  0
VERTEX
  5
38A
  8
CUT
 10
387.10865383148194
 20
15.917147350311282
 30
0.0
 70
0
  0
VERTEX
  5
38B
  8
CUT
 10
389.2505241394043
 20
18.280336380004883
 30
0.0
 70
0
  0
VERTEX
  5
38C
  8
CUT
 10
390.2735595703125
 20
19.659739780426026
 30
0.0
 70
0
  0
VERTEX
  5
38D
  8
CUT
 10
392.17348251342776
 20
22.22148895263672
 30
0.0
 70
0
  0
VERTEX
  5
38E
  8
CUT
 10
393.0563852310181
 20
23.694524669647215
 30
0.0
 70
0
  0
VERTEX
  5
38F
  8
CUT
 10
394.696061706543
 20
26.43016242980957
 30
0.0
 70
0
  0
VERTEX
  5
390
  8
CUT
 10
395.4303321838379
 20
27.9826452255249
 30
0.0
 70
0
  0
VERTEX
  5
391
  8
CUT
 10
396.79397735595705
 20
30.865827560424805
 30
0.0
 70
0
  0
VERTEX
  5
392
  8
CUT
 10
397.3725406646729
 20
32.4828061580658
 30
0.0
 70
0
  0
VERTEX
  5
393
  8
CUT
 10
398.4470153808594
 20
35.48576641082764
 30
0.0
 70
0
  0
VERTEX
  5
394
  8
CUT
 10
398.86430263519287
 20
37.1516676902771
 30
0.0
 70
0
  0
VERTEX
  5
395
  8
CUT
 10
399.6392646789551
 20
40.245484352111816
 30
0.0
 70
0
  0
VERTEX
  5
396
  8
CUT
 10
399.8912544250488
 20
41.94426488876343
 30
0.0
 70
0
  0
VERTEX
  5
397
  8
CUT
 10
400.3592353820801
 20
45.09914302825928
 30
0.0
 70
0
  0
VERTEX
  5
398
  8
CUT
 10
400.4435029983521
 20
46.81444296836853
 30
0.0
 70
0
  0
SEQEND
  5
318
  8
CUT
  0
POLYLINE
  5
399
  8
CUT
 66
1
 10
0.0
 20
0.0
 30
0.0
 70
1
  0
VERTEX
  5
39B
  8
CUT
 10
341.6
 20
8.0
 30
0.0
 70
0
  0
VERTEX
  5
39C
  8
CUT
 10
341.5423558412097
 20
7.414729033951616
 30
0.0
 70
0
  0
VERTEX
  5
39D
  8
CUT
 10
341.3716385975339
 20
6.851949702904733
 30
0.0
 70
0
  0
VERTEX
  5
39E
  8
CUT
 10
341.09440883690763
 20
6.333289300941196
 30
0.0
 70
0
  0
VERTEX
  5
39F
  8
CUT
 10
340.7213203435597
 20
5.8786796564403545
 30
0.0
 70
0
  0
VERTEX
  5
3A0
  8
CUT
 10
340.2667106990588
 20
5.505591163092362
 30
0.0
 70
0
  0
VERTEX
  5
3A1
  8
CUT
 10
339.7480502970953
 20
5.228361402466142
 30
0.0
 70
0
  0
VERTEX
  5
3A2
  8
CUT
 10
339.1852709660484
 20
5.0576441587903105
 30
0.0
 70
0
  0
VERTEX
  5
3A3
  8
CUT
 10
338.6
 20
5.0
 30
0.0
 70
0
  0
VERTEX
  5
3A4
  8
CUT
 10
338.01472903395165
 20
5.0576441587903105
 30
0.0
 70
0
  0
VERTEX
  5
3A5
  8
CUT
 10
337.45194970290476
 20
5.228361402466142
 30
0.0
 70
0
  0
VERTEX
  5
3A6
  8
CUT
 10
336.9332893009412
 20
5.505591163092362
 30
0.0
 70
0
  0
VERTEX
  5
3A7
  8
CUT
 10
336.47867965644036
 20
5.8786796564403545
 30
0.0
 70
0
  0
VERTEX
  5
3A8
  8
CUT
 10
336.1055911630924
 20
6.333289300941196
 30
0.0
 70
0
  0
VERTEX
  5
3A9
  8
CUT
 10
335.82836140246616
 20
6.851949702904733
 30
0.0
 70
0
  0
VERTEX
  5
3AA
  8
CUT
 10
335.65764415879033
 20
7.414729033951616
 30
0.0
 70
0
  0
VERTEX
  5
3AB
  8
CUT
 10
335.6
 20
8.0
 30
0.0
 70
0
  0
VERTEX
  5
3AC
  8
CUT
 10
335.65764415879033
 20
8.585270966048384
 30
0.0
 70
0
  0
VERTEX
  5
3AD
  8
CUT
 10
335.82836140246616
 20
9.148050297095267
 30
0.0
 70
0
  0
VERTEX
  5
3AE
  8
CUT
 10
336.1055911630924
 20
9.666710699058804
 30
0.0
 70
0
  0
VERTEX
  5
3AF
  8
CUT
 10
336.47867965644036
 20
10.121320343559645
 30
0.0
 70
0
  0
VERTEX
  5
3B0
  8
CUT
 10
336.9332893009412
 20
10.494408836907638
 30
0.0
 70
0
  0
VERTEX
  5
3B1
  8
CUT
 10
337.45194970290476
 20
10.771638597533858
 30
0.0
 70
0
  0
VERTEX
  5
3B2
  8
CUT
 10
338.01472903395165
 20
10.94235584120969
 30
0.0
 70
0
  0
VERTEX
  5
3B3
  8
CUT
 10
338.6
 20
11.0
 30
0.0
 70
0
  0
VERTEX
  5
3B4
  8
CUT
 10
339.1852709660484
 20
10.94235584120969
 30
0.0
 70
0
  0
VERTEX
  5
3B5
  8
CUT
 10
339.7480502970953
 20
10.771638597533858
 30
0.0
 70
0
  0
VERTEX
  5
3B6
  8
CUT
 10
340.2667106990588
 20
10.494408836907638
 30
0.0
 70
0
  0
VERTEX
  5
3B7
  8
CUT
 10
340.7213203435597
 20
10.121320343559645
 30
0.0
 70
0
  0
VERTEX
  5
3B8
  8
CUT
 10
341.09440883690763
 20
9.666710699058804
 30
0.0
 70
0
  0
VERTEX
  5
3B9
  8
CUT
 10
341.3716385975339
 20
9.148050297095274
 30
0.0
 70
0
  0
VERTEX
  5
3BA
  8
CUT
 10
341.5423558412097
 20
8.585270966048384
 30
0.0
 70
0
  0
SEQEND
  5
39A
  8
CUT
  0
POLYLINE
  5
3BB
  8
CUT
 66
1
 10
0.0
 20
0.0
 30
0.0
 70
1
  0
VERTEX
  5
3BD
  8
CUT
 10
365.6
 20
92.0
 30
0.0
 70
0
  0
VERTEX
  5
3BE
  8
CUT
 10
365.5423558412097
 20
91.41472903395162
 30
0.0
 70
0
  0
VERTEX
  5
3BF
  8
CUT
 10
365.3716385975339
 20
90.85194970290473
 30
0.0
 70
0
  0
VERTEX
  5
3C0
  8
CUT
 10
365.09440883690763
 20
90.3332893009412
 30
0.0
 70
0
  0
VERTEX
  5
3C1
  8
CUT
 10
364.7213203435597
 20
89.87867965644035
 30
0.0
 70
0
  0
VERTEX
  5
3C2
  8
CUT
 10
364.2667106990588
 20
89.50559116309236
 30
0.0
 70
0
  0
VERTEX
  5
3C3
  8
CUT
 10
363.7480502970953
 20
89.22836140246613
 30
0.0
 70
0
  0
VERTEX
  5
3C4
  8
CUT
 10
363.1852709660484
 20
89.05764415879031
 30
0.0
 70
0
  0
VERTEX
  5
3C5
  8
CUT
 10
362.6
 20
89.0
 30
0.0
 70
0
  0
VERTEX
  5
3C6
  8
CUT
 10
362.01472903395165
 20
89.05764415879031
 30
0.0
 70
0
  0
VERTEX
  5
3C7
  8
CUT
 10
361.45194970290476
 20
89.22836140246613
 30
0.0
 70
0
  0
VERTEX
  5
3C8
  8
CUT
 10
360.9332893009412
 20
89.50559116309236
 30
0.0
 70
0
  0
VERTEX
  5
3C9
  8
CUT
 10
360.47867965644036
 20
89.87867965644035
 30
0.0
 70
0
  0
VERTEX
  5
3CA
  8
CUT
 10
360.1055911630924
 20
90.3332893009412
 30
0.0
 70
0
  0
VERTEX
  5
3CB
  8
CUT
 10
359.82836140246616
 20
90.85194970290473
 30
0.0
 70
0
  0
VERTEX
  5
3CC
  8
CUT
 10
359.65764415879033
 20
91.41472903395162
 30
0.0
 70
0
  0
VERTEX
  5
3CD
  8
CUT
 10
359.6
 20
92.0
 30
0.0
 70
0
  0
VERTEX
  5
3CE
  8
CUT
 10
359.65764415879033
 20
92.58527096604838
 30
0.0
 70
0
  0
VERTEX
  5
3CF
  8
CUT
 10
359.82836140246616
 20
93.14805029709527
 30
0.0
 70
0
  0
VERTEX
  5
3D0
  8
CUT
 10
360.1055911630924
 20
93.6667106990588
 30
0.0
 70
0
  0
VERTEX
  5
3D1
  8
CUT
 10
360.47867965644036
 20
94.12132034355965
 30
0.0
 70
0
  0
VERTEX
  5
3D2
  8
CUT
 10
360.9332893009412
 20
94.49440883690764
 30
0.0
 70
0
  0
VERTEX
  5
3D3
  8
CUT
 10
361.45194970290476
 20
94.77163859753387
 30
0.0
 70
0
  0
VERTEX
  5
3D4
  8
CUT
 10
362.01472903395165
 20
94.94235584120969
 30
0.0
 70
0
  0
VERTEX
  5
3D5
  8
CUT
 10
362.6
 20
95.0
 30
0.0
 70
0
  0
VERTEX
  5
3D6
  8
CUT
 10
363.1852709660484
 20
94.94235584120969
 30
0.0
 70
0
  0
VERTEX
  5
3D7
  8
CUT
 10
363.7480502970953
 20
94.77163859753387
 30
0.0
 70
0
  0
VERTEX
  5
3D8
  8
CUT
 10
364.2667106990588
 20
94.49440883690764
 30
0.0
 70
0
  0
VERTEX
  5
3D9
  8
CUT
 10
364.7213203435597
 20
94.12132034355965
 30
0.0
 70
0
  0
VERTEX
  5
3DA
  8
CUT
 10
365.09440883690763
 20
93.6667106990588
 30
0.0
 70
0
  0
VERTEX
  5
3DB
  8
CUT
 10
365.3716385975339
 20
93.14805029709527
 30
0.0
 70
0
  0
VERTEX
  5
3DC
  8
CUT
 10
365.5423558412097
 20
92.58527096604838
 30
0.0
 70
0
  0
SEQEND
  5
3BC
  8
CUT
  0
POLYLINE
  5
3DD
  8
CUT
 66
1
 10
0.0
 20
0.0
 30
0.0
 70
1
  0
VERTEX
  5
3DF
  8
CUT
 10
395.6
 20
38.0
 30
0.0
 70
0
  0
VERTEX
  5
3E0
  8
CUT
 10
395.5423558412097
 20
37.414729033951616
 30
0.0
 70
0
  0
VERTEX
  5
3E1
  8
CUT
 10
395.3716385975339
 20
36.85194970290473
 30
0.0
 70
0
  0
VERTEX
  5
3E2
  8
CUT
 10
395.09440883690763
 20
36.33328930094119
 30
0.0
 70
0
  0
VERTEX
  5
3E3
  8
CUT
 10
394.7213203435597
 20
35.878679656440355
 30
0.0
 70
0
  0
VERTEX
  5
3E4
  8
CUT
 10
394.2667106990588
 20
35.50559116309236
 30
0.0
 70
0
  0
VERTEX
  5
3E5
  8
CUT
 10
393.7480502970953
 20
35.22836140246614
 30
0.0
 70
0
  0
VERTEX
  5
3E6
  8
CUT
 10
393.1852709660484
 20
35.05764415879031
 30
0.0
 70
0
  0
VERTEX
  5
3E7
  8
CUT
 10
392.6
 20
35.0
 30
0.0
 70
0
  0
VERTEX
  5
3E8
  8
CUT
 10
392.01472903395165
 20
35.05764415879031
 30
0.0
 70
0
  0
VERTEX
  5
3E9
  8
CUT
 10
391.45194970290476
 20
35.22836140246614
 30
0.0
 70
0
  0
VERTEX
  5
3EA
  8
CUT
 10
390.9332893009412
 20
35.50559116309236
 30
0.0
 70
0
  0
VERTEX
  5
3EB
  8
CUT
 10
390.47867965644036
 20
35.878679656440355
 30
0.0
 70
0
  0
VERTEX
  5
3EC
  8
CUT
 10
390.1055911630924
 20
36.33328930094119
 30
0.0
 70
0
  0
VERTEX
  5
3ED
  8
CUT
 10
389.82836140246616
 20
36.85194970290473
 30
0.0
 70
0
  0
VERTEX
  5
3EE
  8
CUT
 10
389.65764415879033
 20
37.414729033951616
 30
0.0
 70
0
  0
VERTEX
  5
3EF
  8
CUT
 10
389.6
 20
38.0
 30
0.0
 70
0
  0
VERTEX
  5
3F0
  8
CUT
 10
389.65764415879033
 20
38.585270966048384
 30
0.0
 70
0
  0
VERTEX
  5
3F1
  8
CUT
 10
389.82836140246616
 20
39.14805029709527
 30
0.0
 70
0
  0
VERTEX
  5
3F2
  8
CUT
 10
390.1055911630924
 20
39.666710699058804
 30
0.0
 70
0
  0
VERTEX
  5
3F3
  8
CUT
 10
390.47867965644036
 20
40.121320343559645
 30
0.0
 70
0
  0
VERTEX
  5
3F4
  8
CUT
 10
390.9332893009412
 20
40.49440883690764
 30
0.0
 70
0
  0
VERTEX
  5
3F5
  8
CUT
 10
391.45194970290476
 20
40.77163859753386
 30
0.0
 70
0
  0
VERTEX
  5
3F6
  8
CUT
 10
392.01472903395165
 20
40.94235584120969
 30
0.0
 70
0
  0
VERTEX
  5
3F7
  8
CUT
 10
392.6
 20
41.0
 30
0.0
 70
0
  0
VERTEX
  5
3F8
  8
CUT
 10
393.1852709660484
 20
40.94235584120969
 30
0.0
 70
0
  0
VERTEX
  5
3F9
  8
CUT
 10
393.7480502970953
 20
40.77163859753386
 30
0.0
 70
0
  0
VERTEX
  5
3FA
  8
CUT
 10
394.2667106990588
 20
40.49440883690764
 30
0.0
 70
0
  0
VERTEX
  5
3FB
  8
CUT
 10
394.7213203435597
 20
40.121320343559645
 30
0.0
 70
0
  0
VERTEX
  5
3FC
  8
CUT
 10
395.09440883690763
 20
39.66671069905881
 30
0.0
 70
0
  0
VERTEX
  5
3FD
  8
CUT
 10
395.3716385975339
 20
39.14805029709527
 30
0.0
 70
0
  0
VERTEX
  5
3FE
  8
CUT
 10
395.5423558412097
 20
38.585270966048384
 30
0.0
 70
0
  0
SEQEND
  5
3DE
  8
CUT
  0
POLYLINE
  5
3FF
  8
ENGRAVE
 66
1
 10
0.0
 20
0.0
 30
0.0
 70
0
  0
VERTEX
  5
401
  8
ENGRAVE
 10
366.6
 20
80.0
 30
0.0
 70
0
  0
VERTEX
  5
402
  8
ENGRAVE
 10
374.1
 20
80.0
 30
0.0
 70
0
  0
SEQEND
  5
400
  8
ENGRAVE
  0
POLYLINE
  5
403
  8
ENGRAVE
 66
1
 10
0.0
 20
0.0
 30
0.0
 70
0
  0
VERTEX
  5
405
  8
ENGRAVE
 10
374.1
 20
80.0
 30
0.0
 70
0
  0
VERTEX
  5
406
  8
ENGRAVE
 10
374.1
 20
89.0
 30
0.0
 70
0
  0
SEQEND
  5
404
  8
ENGRAVE
  0
POLYLINE
  5
407
  8
ENGRAVE
 66
1
 10
0.0
 20
0.0
 30
0.0
 70
0
  0
VERTEX
  5
409
  8
ENGRAVE
 10
366.6
 20
89.0
 30
0.0
 70
0
  0
VERTEX
  5
40A
  8
ENGRAVE
 10
374.1
 20
89.0
 30
0.0
 70
0
  0
SEQEND
  5
408
  8
ENGRAVE
  0
POLYLINE
  5
40B
  8
ENGRAVE
 66
1
 10
0.0
 20
0.0
 30
0.0
 70
0
  0
VERTEX
  5
40D
  8
ENGRAVE
 10
374.1
 20
89.0
 30
0.0
 70
0
  0
VERTEX
  5
40E
  8
ENGRAVE
 10
381.6
 20
89.0
 30
0.0
 70
0
  0
SEQEND
  5
40C
  8
ENGRAVE
  0
POLYLINE
  5
40F
  8
CUT
 66
1
 10
0.0
 20
0.0
 30
0.0
 70
1
  0
VERTEX
  5
411
  8
CUT
 10
500.8
 20
50.0
 30
0.0
 70
0
  0
VERTEX
  5
412
  8
CUT
 10
500.69165592193605
 20
52.20538563728333
 30
0.0
 70
0
  0
VERTEX
  5
413
  8
CUT
 10
500.5592353820801
 20
54.90085697174072
 30
0.0
 70
0
  0
VERTEX
  5
414
  8
CUT
 10
500.2352485656738
 20
57.08500337600708
 30
0.0
 70
0
  0
VERTEX
  5
415
  8
CUT
 10
499.8392646789551
 20
59.754515647888184
 30
0.0
 70
0
  0
VERTEX
  5
416
  8
CUT
 10
499.302752494812
 20
61.89638872146607
 30
0.0
 70
0
  0
VERTEX
  5
417
  8
CUT
 10
498.6470153808594
 20
64.51423358917236
 30
0.0
 70
0
  0
VERTEX
  5
418
  8
CUT
 10
497.90314826965334
 20
66.59320607185364
 30
0.0
 70
0
  0
VERTEX
  5
419
  8
CUT
 10
496.99397735595704
 20
69.1341724395752
 30
0.0
 70
0
  0
VERTEX
  5
41A
  8
CUT
 10
496.0499153137207
 20
71.13022174835206
 30
0.0
 70
0
  0
VERTEX
  5
41B
  8
CUT
 10
494.896061706543
 20
73.56983757019043
 30
0.0
 70
0
  0
VERTEX
  5
41C
  8
CUT
 10
493.76090106964114
 20
75.46374063491821
 30
0.0
 70
0
  0
VERTEX
  5
41D
  8
CUT
 10
492.37348251342775
 20
77.77851104736328
 30
0.0
 70
0
  0
VERTEX
  5
41E
  8
CUT
 10
491.0581512451172
 20
79.5520297050476
 30
0.0
 70
0
  0
VERTEX
  5
41F
  8
CUT
 10
489.4505241394043
 20
81.71966361999512
 30
0.0
 70
0
  0
VERTEX
  5
420
  8
CUT
 10
487.96769084930423
 20
83.35571756362916
 30
0.0
 70
0
  0
VERTEX
  5
421
  8
CUT
 10
486.155339050293
 20
85.35533905029297
 30
0.0
 70
0
  0
VERTEX
  5
422
  8
CUT
 10
484.51928510665897
 20
86.83817234039307
 30
0.0
 70
0
  0
VERTEX
  5
423
  8
CUT
 10
482.51966361999513
 20
88.6505241394043
 30
0.0
 70
0
  0
VERTEX
  5
424
  8
CUT
 10
480.7461449623108
 20
89.96585540771484
 30
0.0
 70
0
  0
VERTEX
  5
425
  8
CUT
 10
478.5785110473633
 20
91.57348251342773
 30
0.0
 70
0
  0
VERTEX
  5
426
  8
CUT
 10
476.6846079826355
 20
92.70864315032959
 30
0.0
 70
0
  0
VERTEX
  5
427
  8
CUT
 10
474.36983757019044
 20
94.09606170654297
 30
0.0
 70
0
  0
VERTEX
  5
428
  8
CUT
 10
472.3737882614136
 20
95.0401237487793
 30
0.0
 70
0
  0
VERTEX
  5
429
  8
CUT
 10
469.9341724395752
 20
96.19397735595703
 30
0.0
 70
0
  0
VERTEX
  5
42A
  8
CUT
 10
467.85519995689396
 20
96.93784446716309
 30
0.0
 70
0
  0
VERTEX
  5
42B
  8
CUT
 10
465.3142335891724
 20
97.84701538085938
 30
0.0
 70
0
  0
VERTEX
  5
42C
  8
CUT
 10
463.1723605155945
 20
98.38352756500244
 30
0.0
 70
0
  0
VERTEX
  5
42D
  8
CUT
 10
460.5545156478882
 20
99.03926467895508
 30
0.0
 70
0
  0
VERTEX
  5
42E
  8
CUT
 10
458.37036924362184
 20
99.36325149536133
 30
0.0
 70
0
  0
VERTEX
  5
42F
  8
CUT
 10
455.70085697174073
 20
99.75923538208008
 30
0.0
 70
0
  0
VERTEX
  5
430
  8
CUT
 10
453.4954713344574
 20
99.86757946014404
 30
0.0
 70
0
  0
VERTEX
  5
431
  8
CUT
 10
450.8
 20
100.0
 30
0.0
 70
0
  0
VERTEX
  5
432
  8
CUT
 10
448.5946143627167
 20
99.89165592193604
 30
0.0
 70
0
  0
VERTEX
  5
433
  8
CUT
 10
445.8991430282593
 20
99.75923538208008
 30
0.0
 70
0
  0
VERTEX
  5
434
  8
CUT
 10
443.71499662399293
 20
99.43524856567383
 30
0.0
 70
0
  0
VERTEX
  5
435
  8
CUT
 10
441.0454843521118
 20
99.03926467895508
 30
0.0
 70
0
  0
VERTEX
  5
436
  8
CUT
 10
438.90361127853396
 20
98.50275249481201
 30
0.0
 70
0
  0
VERTEX
  5
437
  8
CUT
 10
436.28576641082765
 20
97.84701538085938
 30
0.0
 70
0
  0
VERTEX
  5
438
  8
CUT
 10
434.2067939281464
 20
97.10314826965332
 30
0.0
 70
0
  0
VERTEX
  5
439
  8
CUT
 10
431.6658275604248
 20
96.19397735595703
 30
0.0
 70
0
  0
VERTEX
  5
43A
  8
CUT
 10
429.669778251648
 20
95.2499153137207
 30
0.0
 70
0
  0
VERTEX
  5
43B
  8
CUT
 10
427.2301624298096
 20
94.09606170654297
 30
0.0
 70
0
  0
VERTEX
  5
43C
  8
CUT
 10
425.3362593650818
 20
92.96090106964111
 30
0.0
 70
0
  0
VERTEX
  5
43D
  8
CUT
 10
423.02148895263673
 20
91.57348251342773
 30
0.0
 70
0
  0
VERTEX
  5
43E
  8
CUT
 10
421.2479702949524
 20
90.25815124511719
 30
0.0
 70
0
  0
VERTEX
  5
43F
  8
CUT
 10
419.0803363800049
 20
88.6505241394043
 30
0.0
 70
0
  0
VERTEX
  5
440
  8
CUT
 10
417.4442824363709
 20
87.1676908493042
 30
0.0
 70
0
  0
VERTEX
  5
441
  8
CUT
 10
415.44466094970704
 20
85.35533905029297
 30
0.0
 70
0
  0
VERTEX
  5
442
  8
CUT
 10
413.96182765960697
 20
83.71928510665893
 30
0.0
 70
0
  0
VERTEX
  5
443
  8
CUT
 10
412.1494758605957
 20
81.71966361999512
 30
0.0
 70
0
  0
VERTEX
  5
444
  8
CUT
 10
410.83414459228516
 20
79.9461449623108
 30
0.0
 70
0
  0
VERTEX
  5
445
  8
CUT
 10
409.2265174865723
 20
77.77851104736328
 30
0.0
 70
0
  0
VERTEX
  5
446
  8
CUT
 10
408.09135684967043
 20
75.8846079826355
 30
0.0
 70
0
  0
VERTEX
  5
447
  8
CUT
 10
406.70393829345704
 20
73.56983757019043
 30
0.0
 70
0
  0
VERTEX
  5
448
  8
CUT
 10
405.7598762512207
 20
71.57378826141357
 30
0.0
 70
0
  0
VERTEX
  5
449
  8
CUT
 10
404.606022644043
 20
69.1341724395752
 30
0.0
 70
0
  0
VERTEX
  5
44A
  8
CUT
 10
403.86215553283694
 20
67.05519995689392
 30
0.0
 70
0
  0
VERTEX
  5
44B
  8
CUT
 10
402.95298461914064
 20
64.51423358917236
 30
0.0
 70
0
  0
VERTEX
  5
44C
  8
CUT
 10
402.41647243499756
 20
62.37236051559448
 30
0.0
 70
0
  0
VERTEX
  5
44D
  8
CUT
 10
401.76073532104493
 20
59.754515647888184
 30
0.0
 70
0
  0
VERTEX
  5
44E
  8
CUT
 10
401.4367485046387
 20
57.570369243621826
 30
0.0
 70
0
  0
VERTEX
  5
44F
  8
CUT
 10
401.04076461791993
 20
54.90085697174072
 30
0.0
 70
0
  0
VERTEX
  5
450
  8
CUT
 10
400.93242053985597
 20
52.695471334457395
 30
0.0
 70
0
  0
VERTEX
  5
451
  8
CUT
 10
400.8
 20
49.99999999999999
 30
0.0
 70
0
  0
VERTEX
  5
452
  8
CUT
 10
400.908344078064
 20
47.79461436271667
 30
0.0
 70
0
  0
VERTEX
  5
453
  8
CUT
 10
401.04076461791993
 20
45.09914302825928
 30
0.0
 70
0
  0
VERTEX
  5
454
  8
CUT
 10
401.3647514343262
 20
42.91499662399292
 30
0.0
 70
0
  0
VERTEX
  5
455
  8
CUT
 10
401.76073532104493
 20
40.245484352111816
 30
0.0
 70
0
  0
VERTEX
  5
456
  8
CUT
 10
402.297247505188
 20
38.10361127853393
 30
0.0
 70
0
  0
VERTEX
  5
457
  8
CUT
 10
402.95298461914064
 20
35.48576641082764
 30
0.0
 70
0
  0
VERTEX
  5
458
  8
CUT
 10
403.6968517303467
 20
33.406793928146364
 30
0.0
 70
0
  0
VERTEX
  5
459
  8
CUT
 10
404.606022644043
 20
30.865827560424805
 30
0.0
 70
0
  0
VERTEX
  5
45A
  8
CUT
 10
405.5500846862793
 20
28.86977825164795
 30
0.0
 70
0
  0
VERTEX
  5
45B
  8
CUT
 10
406.70393829345704
 20
26.43016242980957
 30
0.0
 70
0
  0
VERTEX
  5
45C
  8
CUT
 10
407.8390989303589
 20
24.536259365081786
 30
0.0
 70
0
  0
VERTEX
  5
45D
  8
CUT
 10
409.2265174865723
 20
22.22148895263672
 30
0.0
 70
0
  0
VERTEX
  5
45E
  8
CUT
 10
410.54184875488284
 20
20.44797029495239
 30
0.0
 70
0
  0
VERTEX
  5
45F
  8
CUT
 10
412.1494758605957
 20
18.280336380004883
 30
0.0
 70
0
  0
VERTEX
  5
460
  8
CUT
 10
413.6323091506958
 20
16.64428243637085
 30
0.0
 70
0
  0
VERTEX
  5
461
  8
CUT
 10
415.44466094970704
 20
14.644660949707031
 30
0.0
 70
0
  0
VERTEX
  5
462
  8
CUT
 10
417.08071489334105
 20
13.161827659606935
 30
0.0
 70
0
  0
VERTEX
  5
463
  8
CUT
 10
419.0803363800049
 20
11.349475860595703
 30
0.0
 70
0
  0
VERTEX
  5
464
  8
CUT
 10
420.85385503768924
 20
10.034144592285159
 30
0.0
 70
0
  0
VERTEX
  5
465
  8
CUT
 10
423.02148895263673
 20
8.426517486572266
 30
0.0
 70
0
  0
VERTEX
  5
466
  8
CUT
 10
424.9153920173645
 20
7.291356849670407
 30
0.0
 70
0
  0
VERTEX
  5
467
  8
CUT
 10
427.2301624298096
 20
5.903938293457031
 30
0.0
 70
0
  0
VERTEX
  5
468
  8
CUT
 10
429.2262117385864
 20
4.959876251220706
 30
0.0
 70
0
  0
VERTEX
  5
469
  8
CUT
 10
431.6658275604248
 20
3.8060226440429688
 30
0.0
 70
0
  0
VERTEX
  5
46A
  8
CUT
 10
433.74480004310607
 20
3.062155532836911
 30
0.0
 70
0
  0
VERTEX
  5
46B
  8
CUT
 10
436.28576641082765
 20
2.152984619140625
 30
0.0
 70
0
  0
VERTEX
  5
46C
  8
CUT
 10
438.4276394844055
 20
1.6164724349975614
 30
0.0
 70
0
  0
VERTEX
  5
46D
  8
CUT
 10
441.0454843521118
 20
0.9607353210449219
 30
0.0
 70
0
  0
VERTEX
  5
46E
  8
CUT
 10
443.2296307563782
 20
0.6367485046386747
 30
0.0
 70
0
  0
VERTEX
  5
46F
  8
CUT
 10
445.8991430282593
 20
0.24076461791992188
 30
0.0
 70
0
  0
VERTEX
  5
470
  8
CUT
 10
448.1045286655426
 20
0.13242053985595703
 30
0.0
 70
0
  0
VERTEX
  5
471
  8
CUT
 10
450.8
 20
0.0
 30
0.0
 70
0
  0
VERTEX
  5
472
  8
CUT
 10
453.0053856372833
 20
0.10834407806396484
 30
0.0
 70
0
  0
VERTEX
  5
473
  8
CUT
 10
455.70085697174073
 20
0.24076461791992188
 30
0.0
 70
0
  0
VERTEX
  5
474
  8
CUT
 10
457.8850033760071
 20
0.564751434326169
 30
0.0
 70
0
  0
VERTEX
  5
475
  8
CUT
 10
460.5545156478882
 20
0.9607353210449219
 30
0.0
 70
0
  0
VERTEX
  5
476
  8
CUT
 10
462.69638872146606
 20
1.4972475051879854
 30
0.0
 70
0
  0
VERTEX
  5
477
  8
CUT
 10
465.3142335891724
 20
2.152984619140625
 30
0.0
 70
0
  0
VERTEX
  5
478
  8
CUT
 10
467.3932060718536
 20
2.8968517303466825
 30
0.0
 70
0
  0
VERTEX
  5
479
  8
CUT
 10
469.9341724395752
 20
3.8060226440429688
 30
0.0
 70
0
  0
VERTEX
  5
47A
  8
CUT
 10
471.93022174835204
 20
4.750084686279294
 30
0.0
 70
0
  0
VERTEX
  5
47B
  8
CUT
 10
474.36983757019044
 20
5.903938293457031
 30
0.0
 70
0
  0
VERTEX
  5
47C
  8
CUT
 10
476.26374063491824
 20
7.03909893035889
 30
0.0
 70
0
  0
VERTEX
  5
47D
  8
CUT
 10
478.5785110473633
 20
8.426517486572266
 30
0.0
 70
0
  0
VERTEX
  5
47E
  8
CUT
 10
480.35202970504764
 20
9.74184875488281
 30
0.0
 70
0
  0
VERTEX
  5
47F
  8
CUT
 10
482.51966361999513
 20
11.349475860595703
 30
0.0
 70
0
  0
VERTEX
  5
480
  8
CUT
 10
484.15571756362914
 20
12.8323091506958
 30
0.0
 70
0
  0
VERTEX
  5
481
  8
CUT
 10
486.155339050293
 20
14.644660949707031
 30
0.0
 70
0
  0
VERTEX
  5
482
  8
CUT
 10
487.63817234039306
 20
16.280714893341063
 30
0.0
 70
0
  0
VERTEX
  5
483
  8
CUT
 10
489.4505241394043
 20
18.280336380004883
 30
0.0
 70
0
  0
VERTEX
  5
484
  8
CUT
 10
490.76585540771487
 20
20.05385503768921
 30
0.0
 70
0
  0
VERTEX
  5
485
  8
CUT
 10
492.37348251342775
 20
22.22148895263672
 30
0.0
 70
0
  0
VERTEX
  5
486
  8
CUT
 10
493.5086431503296
 20
24.115392017364503
 30
0.0
 70
0
  0
VERTEX
  5
487
  8
CUT
 10
494.896061706543
 20
26.43016242980957
 30
0.0
 70
0
  0
VERTEX
  5
488
  8
CUT
 10
495.8401237487793
 20
28.426211738586424
 30
0.0
 70
0
  0
VERTEX
  5
489
  8
CUT
 10
496.99397735595704
 20
30.865827560424805
 30
0.0
 70
0
  0
VERTEX
  5
48A
  8
CUT
 10
497.7378444671631
 20
32.94480004310608
 30
0.0
 70
0
  0
VERTEX
  5
48B
  8
CUT
 10
498.6470153808594
 20
35.48576641082764
 30
0.0
 70
0
  0
VERTEX
  5
48C
  8
CUT
 10
499.18352756500246
 20
37.62763948440552
 30
0.0
 70
0
  0
VERTEX
  5
48D
  8
CUT
 10
499.8392646789551
 20
40.245484352111816
 30
0.0
 70
0
  0
VERTEX
  5
48E
  8
CUT
 10
500.16325149536135
 20
42.429630756378174
 30
0.0
 70
0
  0
VERTEX
  5
48F
  8
CUT
 10
500.5592353820801
 20
45.09914302825928
 30
0.0
 70
0
  0
VERTEX
  5
490
  8
CUT
 10
500.66757946014405
 20
47.304528665542605
 30
0.0
 70
0
  0
SEQEND
  5
410
  8
CUT
  0
POLYLINE
  5
491
  8
CUT
 66
1
 10
0.0
 20
0.0
 30
0.0
 70
1
  0
VERTEX
  5
493
  8
CUT
 10
441.8
 20
8.0
 30
0.0
 70
0
  0
VERTEX
  5
494
  8
CUT
 10
441.7423558412097
 20
7.414729033951616
 30
0.0
 70
0
  0
VERTEX
  5
495
  8
CUT
 10
441.5716385975339
 20
6.851949702904733
 30
0.0
 70
0
  0
VERTEX
  5
496
  8
CUT
 10
441.2944088369076
 20
6.333289300941196
 30
0.0
 70
0
  0
VERTEX
  5
497
  8
CUT
 10
440.92132034355967
 20
5.8786796564403545
 30
0.0
 70
0
  0
VERTEX
  5
498
  8
CUT
 10
440.4667106990588
 20
5.505591163092362
 30
0.0
 70
0
  0
VERTEX
  5
499
  8
CUT
 10
439.9480502970953
 20
5.228361402466142
 30
0.0
 70
0
  0
VERTEX
  5
49A
  8
CUT
 10
439.3852709660484
 20
5.0576441587903105
 30
0.0
 70
0
  0
VERTEX
  5
49B
  8
CUT
 10
438.8
 20
5.0
 30
0.0
 70
0
  0
VERTEX
  5
49C
  8
CUT
 10
438.21472903395164
 20
5.0576441587903105
 30
0.0
 70
0
  0
VERTEX
  5
49D
  8
CUT
 10
437.65194970290474
 20
5.228361402466142
 30
0.0
 70
0
  0
VERTEX
  5
49E
  8
CUT
 10
437.1332893009412
 20
5.505591163092362
 30
0.0
 70
0
  0
VERTEX
  5
49F
  8
CUT
 10
436.67867965644035
 20
5.8786796564403545
 30
0.0
 70
0
  0
VERTEX
  5
4A0
  8
CUT
 10
436.3055911630924
 20
6.333289300941196
 30
0.0
 70
0
  0
VERTEX
  5
4A1
  8
CUT
 10
436.02836140246615
 20
6.851949702904733
 30
0.0
 70
0
  0
VERTEX
  5
4A2
  8
CUT
 10
435.8576441587903
 20
7.414729033951616
 30
0.0
 70
0
  0
VERTEX
  5
4A3
  8
CUT
 10
435.8
 20
8.0
 30
0.0
 70
0
  0
VERTEX
  5
4A4
  8
CUT
 10
435.8576441587903
 20
8.585270966048384
 30
0.0
 70
0
  0
VERTEX
  5
4A5
  8
CUT
 10
436.02836140246615
 20
9.148050297095267
 30
0.0
 70
0
  0
VERTEX
  5
4A6
  8
CUT
 10
436.3055911630924
 20
9.666710699058804
 30
0.0
 70
0
  0
VERTEX
  5
4A7
  8
CUT
 10
436.67867965644035
 20
10.121320343559645
 30
0.0
 70
0
  0
VERTEX
  5
4A8
  8
CUT
 10
437.1332893009412
 20
10.494408836907638
 30
0.0
 70
0
  0
VERTEX
  5
4A9
  8
CUT
 10
437.65194970290474
 20
10.771638597533858
 30
0.0
 70
0
  0
VERTEX
  5
4AA
  8
CUT
 10
438.21472903395164
 20
10.94235584120969
 30
0.0
 70
0
  0
VERTEX
  5
4AB
  8
CUT
 10
438.8
 20
11.0
 30
0.0
 70
0
  0
VERTEX
  5
4AC
  8
CUT
 10
439.3852709660484
 20
10.94235584120969
 30
0.0
 70
0
  0
VERTEX
  5
4AD
  8
CUT
 10
439.9480502970953
 20
10.771638597533858
 30
0.0
 70
0
  0
VERTEX
  5
4AE
  8
CUT
 10
440.4667106990588
 20
10.494408836907638
 30
0.0
 70
0
  0
VERTEX
  5
4AF
  8
CUT
 10
440.92132034355967
 20
10.121320343559645
 30
0.0
 70
0
  0
VERTEX
  5
4B0
  8
CUT
 10
441.2944088369076
 20
9.666710699058804
 30
0.0
 70
0
  0
VERTEX
  5
4B1
  8
CUT
 10
441.5716385975339
 20
9.148050297095274
 30
0.0
 70
0
  0
VERTEX
  5
4B2
  8
CUT
 10
441.7423558412097
 20
8.585270966048384
 30
0.0
 70
0
  0
SEQEND
  5
492
  8
CUT
  0
POLYLINE
  5
4B3
  8
CUT
 66
1
 10
0.0
 20
0.0
 30
0.0
 70
1
  0
VERTEX
  5
4B5
  8
CUT
 10
465.8
 20
92.0
 30
0.0
 70
0
  0
VERTEX
  5
4B6
  8
CUT
 10
465.7423558412097
 20
91.41472903395162
 30
0.0
 70
0
  0
VERTEX
  5
4B7
  8
CUT
 10
465.5716385975339
 20
90.85194970290473
 30
0.0
 70
0
  0
VERTEX
  5
4B8
  8
CUT
 10
465.2944088369076
 20
90.3332893009412
 30
0.0
 70
0
  0
VERTEX
  5
4B9
  8
CUT
 10
464.92132034355967
 20
89.87867965644035
 30
0.0
 70
0
  0
VERTEX
  5
4BA
  8
CUT
 10
464.4667106990588
 20
89.50559116309236
 30
0.0
 70
0
  0
VERTEX
  5
4BB
  8
CUT
 10
463.9480502970953
 20
89.22836140246613
 30
0.0
 70
0
  0
VERTEX
  5
4BC
  8
CUT
 10
463.3852709660484
 20
89.05764415879031
 30
0.0
 70
0
  0
VERTEX
  5
4BD
  8
CUT
 10
462.8
 20
89.0
 30
0.0
 70
0
  0
VERTEX
  5
4BE
  8
CUT
 10
462.21472903395164
 20
89.05764415879031
 30
0.0
 70
0
  0
VERTEX
  5
4BF
  8
CUT
 10
461.65194970290474
 20
89.22836140246613
 30
0.0
 70
0
  0
VERTEX
  5
4C0
  8
CUT
 10
461.1332893009412
 20
89.50559116309236
 30
0.0
 70
0
  0
VERTEX
  5
4C1
  8
CUT
 10
460.67867965644035
 20
89.87867965644035
 30
0.0
 70
0
  0
VERTEX
  5
4C2
  8
CUT
 10
460.3055911630924
 20
90.3332893009412
 30
0.0
 70
0
  0
VERTEX
  5
4C3
  8
CUT
 10
460.02836140246615
 20
90.85194970290473
 30
0.0
 70
0
  0
VERTEX
  5
4C4
  8
CUT
 10
459.8576441587903
 20
91.41472903395162
 30
0.0
 70
0
  0
VERTEX
  5
4C5
  8
CUT
 10
459.8
 20
92.0
 30
0.0
 70
0
  0
VERTEX
  5
4C6
  8
CUT
 10
459.8576441587903
 20
92.58527096604838
 30
0.0
 70
0
  0
VERTEX
  5
4C7
  8
CUT
 10
460.02836140246615
 20
93.14805029709527
 30
0.0
 70
0
  0
VERTEX
  5
4C8
  8
CUT
 10
460.3055911630924
 20
93.6667106990588
 30
0.0
 70
0
  0
VERTEX
  5
4C9
  8
CUT
 10
460.67867965644035
 20
94.12132034355965
 30
0.0
 70
0
  0
VERTEX
  5
4CA
  8
CUT
 10
461.1332893009412
 20
94.49440883690764
 30
0.0
 70
0
  0
VERTEX
  5
4CB
  8
CUT
 10
461.65194970290474
 20
94.77163859753387
 30
0.0
 70
0
  0
VERTEX
  5
4CC
  8
CUT
 10
462.21472903395164
 20
94.94235584120969
 30
0.0
 70
0
  0
VERTEX
  5
4CD
  8
CUT
 10
462.8
 20
95.0
 30
0.0
 70
0
  0
VERTEX
  5
4CE
  8
CUT
 10
463.3852709660484
 20
94.94235584120969
 30
0.0
 70
0
  0
VERTEX
  5
4CF
  8
CUT
 10
463.9480502970953
 20
94.77163859753387
 30
0.0
 70
0
  0
VERTEX
  5
4D0
  8
CUT
 10
464.4667106990588
 20
94.49440883690764
 30
0.0
 70
0
  0
VERTEX
  5
4D1
  8
CUT
 10
464.92132034355967
 20
94.12132034355965
 30
0.0
 70
0
  0
VERTEX
  5
4D2
  8
CUT
 10
465.2944088369076
 20
93.6667106990588
 30
0.0
 70
0
  0
VERTEX
  5
4D3
  8
CUT
 10
465.5716385975339
 20
93.14805029709527
 30
0.0
 70
0
  0
VERTEX
  5
4D4
  8
CUT
 10
465.7423558412097
 20
92.58527096604838
 30
0.0
 70
0
  0
SEQEND
  5
4B4
  8
CUT
  0
POLYLINE
  5
4D5
  8
CUT
 66
1
 10
0.0
 20
0.0
 30
0.0
 70
1
  0
VERTEX
  5
4D7
  8
CUT
 10
495.8
 20
38.0
 30
0.0
 70
0
  0
VERTEX
  5
4D8
  8
CUT
 10
495.7423558412097
 20
37.414729033951616
 30
0.0
 70
0
  0
VERTEX
  5
4D9
  8
CUT
 10
495.5716385975339
 20
36.85194970290473
 30
0.0
 70
0
  0
VERTEX
  5
4DA
  8
CUT
 10
495.2944088369077
 20
36.33328930094119
 30
0.0
 70
0
  0
VERTEX
  5
4DB
  8
CUT
 10
494.92132034355967
 20
35.878679656440355
 30
0.0
 70
0
  0
VERTEX
  5
4DC
  8
CUT
 10
494.4667106990588
 20
35.50559116309236
 30
0.0
 70
0
  0
VERTEX
  5
4DD
  8
CUT
 10
493.9480502970953
 20
35.22836140246614
 30
0.0
 70
0
  0
VERTEX
  5
4DE
  8
CUT
 10
493.3852709660484
 20
35.05764415879031
 30
0.0
 70
0
  0
VERTEX
  5
4DF
  8
CUT
 10
492.8
 20
35.0
 30
0.0
 70
0
  0
VERTEX
  5
4E0
  8
CUT
 10
492.21472903395164
 20
35.05764415879031
 30
0.0
 70
0
  0
VERTEX
  5
4E1
  8
CUT
 10
491.65194970290474
 20
35.22836140246614
 30
0.0
 70
0
  0
VERTEX
  5
4E2
  8
CUT
 10
491.1332893009412
 20
35.50559116309236
 30
0.0
 70
0
  0
VERTEX
  5
4E3
  8
CUT
 10
490.67867965644035
 20
35.878679656440355
 30
0.0
 70
0
  0
VERTEX
  5
4E4
  8
CUT
 10
490.30559116309234
 20
36.33328930094119
 30
0.0
 70
0
  0
VERTEX
  5
4E5
  8
CUT
 10
490.02836140246615
 20
36.85194970290473
 30
0.0
 70
0
  0
VERTEX
  5
4E6
  8
CUT
 10
489.8576441587903
 20
37.414729033951616
 30
0.0
 70
0
  0
VERTEX
  5
4E7
  8
CUT
 10
489.8
 20
38.0
 30
0.0
 70
0
  0
VERTEX
  5
4E8
  8
CUT
 10
489.8576441587903
 20
38.585270966048384
 30
0.0
 70
0
  0
VERTEX
  5
4E9
  8
CUT
 10
490.02836140246615
 20
39.14805029709527
 30
0.0
 70
0
  0
VERTEX
  5
4EA
  8
CUT
 10
490.30559116309234
 20
39.666710699058804
 30
0.0
 70
0
  0
VERTEX
  5
4EB
  8
CUT
 10
490.67867965644035
 20
40.121320343559645
 30
0.0
 70
0
  0
VERTEX
  5
4EC
  8
CUT
 10
491.1332893009412
 20
40.49440883690764
 30
0.0
 70
0
  0
VERTEX
  5
4ED
  8
CUT
 10
491.65194970290474
 20
40.77163859753386
 30
0.0
 70
0
  0
VERTEX
  5
4EE
  8
CUT
 10
492.21472903395164
 20
40.94235584120969
 30
0.0
 70
0
  0
VERTEX
  5
4EF
  8
CUT
 10
492.8
 20
41.0
 30
0.0
 70
0
  0
VERTEX
  5
4F0
  8
CUT
 10
493.3852709660484
 20
40.94235584120969
 30
0.0
 70
0
  0
VERTEX
  5
4F1
  8
CUT
 10
493.9480502970953
 20
40.77163859753386
 30
0.0
 70
0
  0
VERTEX
  5
4F2
  8
CUT
 10
494.4667106990588
 20
40.49440883690764
 30
0.0
 70
0
  0
VERTEX
  5
4F3
  8
CUT
 10
494.92132034355967
 20
40.121320343559645
 30
0.0
 70
0
  0
VERTEX
  5
4F4
  8
CUT
 10
495.2944088369077
 20
39.66671069905881
 30
0.0
 70
0
  0
VERTEX
  5
4F5
  8
CUT
 10
495.5716385975339
 20
39.14805029709527
 30
0.0
 70
0
  0
VERTEX
  5
4F6
  8
CUT
 10
495.7423558412097
 20
38.585270966048384
 30
0.0
 70
0
  0
SEQEND
  5
4D6
  8
CUT
  0
POLYLINE
  5
4F7
  8
ENGRAVE
 66
1
 10
0.0
 20
0.0
 30
0.0
 70
0
  0
VERTEX
  5
4F9
  8
ENGRAVE
 10
466.8
 20
80.0
 30
0.0
 70
0
  0
VERTEX
  5
4FA
  8
ENGRAVE
 10
466.8
 20
89.0
 30
0.0
 70
0
  0
SEQEND
  5
4F8
  8
ENGRAVE
  0
POLYLINE
  5
4FB
  8
ENGRAVE
 66
1
 10
0.0
 20
0.0
 30
0.0
 70
0
  0
VERTEX
  5
4FD
  8
ENGRAVE
 10
466.8
 20
80.0
 30
0.0
 70
0
  0
VERTEX
  5
4FE
  8
ENGRAVE
 10
474.3
 20
80.0
 30
0.0
 70
0
  0
SEQEND
  5
4FC
  8
ENGRAVE
  0
POLYLINE
  5
4FF
  8
ENGRAVE
 66
1
 10
0.0
 20
0.0
 30
0.0
 70
0
  0
VERTEX
  5
501
  8
ENGRAVE
 10
474.3
 20
80.0
 30
0.0
 70
0
  0
VERTEX
  5
502
  8
ENGRAVE
 10
474.3
 20
89.0
 30
0.0
 70
0
  0
SEQEND
  5
500
  8
ENGRAVE
  0
POLYLINE
  5
503
  8
ENGRAVE
 66
1
 10
0.0
 20
0.0
 30
0.0
 70
0
  0
VERTEX
  5
505
  8
ENGRAVE
 10
474.3
 20
89.0
 30
0.0
 70
0
  0
VERTEX
  5
506
  8
ENGRAVE
 10
481.8
 20
89.0
 30
0.0
 70
0
  0
SEQEND
  5
504
  8
ENGRAVE
  0
POLYLINE
  5
507
  8
ENGRAVE
 66
1
 10
0.0
 20
0.0
 30
0.0
 70
0
  0
VERTEX
  5
509
  8
ENGRAVE
 10
481.8
 20
80.0
 30
0.0
 70
0
  0
VERTEX
  5
50A
  8
ENGRAVE
 10
481.8
 20
89.0
 30
0.0
 70
0
  0
SEQEND
  5
508
  8
ENGRAVE
  0
POLYLINE
  5
50B
  8
CUT
 66
1
 10
0.0
 20
0.0
 30
0.0
 70
1
  0
VERTEX
  5
50D
  8
CUT
 10
100.0
 20
150.2
 30
0.0
 70
0
  0
VERTEX
  5
50E
  8
CUT
 10
99.86757946014404
 20
152.8954713344574
 30
0.0
 70
0
  0
VERTEX
  5
50F
  8
CUT
 10
99.75923538208008
 20
155.1008569717407
 30
0.0
 70
0
  0
VERTEX
  5
510
  8
CUT
 10
99.36325149536133
 20
157.77036924362181
 30
0.0
 70
0
  0
VERTEX
  5
511
  8
CUT
 10
99.03926467895508
 20
159.95451564788817
 30
0.0
 70
0
  0
VERTEX
  5
512
  8
CUT
 10
98.38352756500244
 20
162.57236051559448
 30
0.0
 70
0
  0
VERTEX
  5
513
  8
CUT
 10
97.84701538085938
 20
164.71423358917235
 30
0.0
 70
0
  0
VERTEX
  5
514
  8
CUT
 10
96.93784446716309
 20
167.2551999568939
 30
0.0
 70
0
  0
VERTEX
  5
515
  8
CUT
 10
96.19397735595703
 20
169.33417243957518
 30
0.0
 70
0
  0
VERTEX
  5
516
  8
CUT
 10
95.0401237487793
 20
171.77378826141356
 30
0.0
 70
0
  0
VERTEX
  5
517
  8
CUT
 10
94.09606170654297
 20
173.76983757019042
 30
0.0
 70
0
  0
VERTEX
  5
518
  8
CUT
 10
92.70864315032959
 20
176.08460798263548
 30
0.0
 70
0
  0
VERTEX
  5
519
  8
CUT
 10
91.57348251342773
 20
177.97851104736327
 30
0.0
 70
0
  0
VERTEX
  5
51A
  8
CUT
 10
89.96585540771484
 20
180.14614496231079
 30
0.0
 70
0
  0
VERTEX
  5
51B
  8
CUT
 10
88.6505241394043
 20
181.9196636199951
 30
0.0
 70
0
  0
VERTEX
  5
51C
  8
CUT
 10
86.83817234039307
 20
183.91928510665892
 30
0.0
 70
0
  0
VERTEX
  5
51D
  8
CUT
 10
85.35533905029297
 20
185.55533905029296
 30
0.0
 70
0
  0
VERTEX
  5
51E
  8
CUT
 10
83.35571756362916
 20
187.36769084930418
 30
0.0
 70
0
  0
VERTEX
  5
51F
  8
CUT
 10
81.71966361999512
 20
188.85052413940429
 30
0.0
 70
0
  0
VERTEX
  5
520
  8
CUT
 10
79.5520297050476
 20
190.45815124511716
 30
0.0
 70
0
  0
VERTEX
  5
521
  8
CUT
 10
77.77851104736328
 20
191.77348251342772
 30
0.0
 70
0
  0
VERTEX
  5
522
  8
CUT
 10
75.46374063491821
 20
193.1609010696411
 30
0.0
 70
0
  0
VERTEX
  5
523
  8
CUT
 10
73.56983757019043
 20
194.29606170654296
 30
0.0
 70
0
  0
VERTEX
  5
524
  8
CUT
 10
71.13022174835206
 20
195.44991531372068
 30
0.0
 70
0
  0
VERTEX
  5
525
  8
CUT
 10
69.1341724395752
 20
196.39397735595702
 30
0.0
 70
0
  0
VERTEX
  5
526
  8
CUT
 10
66.59320607185364
 20
197.30314826965332
 30
0.0
 70
0
  0
VERTEX
  5
527
  8
CUT
 10
64.51423358917236
 20
198.04701538085936
 30
0.0
 70
0
  0
VERTEX
  5
528
  8
CUT
 10
61.89638872146607
 20
198.702752494812
 30
0.0
 70
0
  0
VERTEX
  5
529
  8
CUT
 10
59.754515647888184
 20
199.23926467895507
 30
0.0
 70
0
  0
VERTEX
  5
52A
  8
CUT
 10
57.08500337600708
 20
199.6352485656738
 30
0.0
 70
0
  0
VERTEX
  5
52B
  8
CUT
 10
54.90085697174072
 20
199.95923538208007
 30
0.0
 70
0
  0
VERTEX
  5
52C
  8
CUT
 10
52.20538563728333
 20
200.09165592193602
 30
0.0
 70
0
  0
VERTEX
  5
52D
  8
CUT
 10
50.0
 20
200.2
 30
0.0
 70
0
  0
VERTEX
  5
52E
  8
CUT
 10
47.304528665542605
 20
200.06757946014403
 30
0.0
 70
0
  0
VERTEX
  5
52F
  8
CUT
 10
45.09914302825928
 20
199.95923538208007
 30
0.0
 70
0
  0
VERTEX
  5
530
  8
CUT
 10
42.429630756378174
 20
199.56325149536133
 30
0.0
 70
0
  0
VERTEX
  5
531
  8
CUT
 10
40.245484352111816
 20
199.23926467895507
 30
0.0
 70
0
  0
VERTEX
  5
532
  8
CUT
 10
37.62763948440552
 20
198.58352756500244
 30
0.0
 70
0
  0
VERTEX
  5
533
  8
CUT
 10
35.48576641082764
 20
198.04701538085936
 30
0.0
 70
0
  0
VERTEX
  5
534
  8
CUT
 10
32.94480004310608
 20
197.13784446716306
 30
0.0
 70
0
  0
VERTEX
  5
535
  8
CUT
 10
30.865827560424805
 20
196.39397735595702
 30
0.0
 70
0
  0
VERTEX
  5
536
  8
CUT
 10
28.426211738586424
 20
195.2401237487793
 30
0.0
 70
0
  0
VERTEX
  5
537
  8
CUT
 10
26.43016242980957
 20
194.29606170654296
 30
0.0
 70
0
  0
VERTEX
  5
538
  8
CUT
 10
24.115392017364503
 20
192.90864315032957
 30
0.0
 70
0
  0
VERTEX
  5
539
  8
CUT
 10
22.22148895263672
 20
191.77348251342772
 30
0.0
 70
0
  0
VERTEX
  5
53A
  8
CUT
 10
20.05385503768921
 20
190.16585540771484
 30
0.0
 70
0
  0
VERTEX
  5
53B
  8
CUT
 10
18.280336380004883
 20
188.85052413940429
 30
0.0
 70
0
  0
VERTEX
  5
53C
  8
CUT
 10
16.280714893341063
 20
187.03817234039306
 30
0.0
 70
0
  0
VERTEX
  5
53D
  8
CUT
 10
14.644660949707031
 20
185.55533905029296
 30
0.0
 70
0
  0
VERTEX
  5
53E
  8
CUT
 10
12.8323091506958
 20
183.55571756362914
 30
0.0
 70
0
  0
VERTEX
  5
53F
  8
CUT
 10
11.349475860595703
 20
181.9196636199951
 30
0.0
 70
0
  0
VERTEX
  5
540
  8
CUT
 10
9.74184875488281
 20
179.7520297050476
 30
0.0
 70
0
  0
VERTEX
  5
541
  8
CUT
 10
8.426517486572266
 20
177.97851104736327
 30
0.0
 70
0
  0
VERTEX
  5
542
  8
CUT
 10
7.03909893035889
 20
175.6637406349182
 30
0.0
 70
0
  0
VERTEX
  5
543
  8
CUT
 10
5.903938293457031
 20
173.76983757019042
 30
0.0
 70
0
  0
VERTEX
  5
544
  8
CUT
 10
4.750084686279294
 20
171.33022174835205
 30
0.0
 70
0
  0
VERTEX
  5
545
  8
CUT
 10
3.8060226440429688
 20
169.33417243957518
 30
0.0
 70
0
  0
VERTEX
  5
546
  8
CUT
 10
2.8968517303466825
 20
166.79320607185363
 30
0.0
 70
0
  0
VERTEX
  5
547
  8
CUT
 10
2.152984619140625
 20
164.71423358917235
 30
0.0
 70
0
  0
VERTEX
  5
548
  8
CUT
 10
1.4972475051879854
 20
162.09638872146604
 30
0.0
 70
0
  0
VERTEX
  5
549
  8
CUT
 10
0.9607353210449219
 20
159.95451564788817
 30
0.0
 70
0
  0
VERTEX
  5
54A
  8
CUT
 10
0.564751434326169
 20
157.28500337600707
 30
0.0
 70
0
  0
VERTEX
  5
54B
  8
CUT
 10
0.24076461791992188
 20
155.1008569717407
 30
0.0
 70
0
  0
VERTEX
  5
54C
  8
CUT
 10
0.10834407806396484
 20
152.4053856372833
 30
0.0
 70
0
  0
VERTEX
  5
54D
  8
CUT
 10
0.0
 20
150.2
 30
0.0
 70
0
  0
VERTEX
  5
54E
  8
CUT
 10
0.13242053985595703
 20
147.50452866554258
 30
0.0
 70
0
  0
VERTEX
  5
54F
  8
CUT
 10
0.24076461791992188
 20
145.29914302825927
 30
0.0
 70
0
  0
VERTEX
  5
550
  8
CUT
 10
0.6367485046386747
 20
142.62963075637816
 30
0.0
 70
0
  0
VERTEX
  5
551
  8
CUT
 10
0.9607353210449219
 20
140.4454843521118
 30
0.0
 70
0
  0
VERTEX
  5
552
  8
CUT
 10
1.6164724349975614
 20
137.8276394844055
 30
0.0
 70
0
  0
VERTEX
  5
553
  8
CUT
 10
2.152984619140625
 20
135.68576641082763
 30
0.0
 70
0
  0
VERTEX
  5
554
  8
CUT
 10
3.062155532836911
 20
133.14480004310607
 30
0.0
 70
0
  0
VERTEX
  5
555
  8
CUT
 10
3.8060226440429688
 20
131.0658275604248
 30
0.0
 70
0
  0
VERTEX
  5
556
  8
CUT
 10
4.959876251220706
 20
128.62621173858642
 30
0.0
 70
0
  0
VERTEX
  5
557
  8
CUT
 10
5.903938293457031
 20
126.63016242980956
 30
0.0
 70
0
  0
VERTEX
  5
558
  8
CUT
 10
7.291356849670407
 20
124.31539201736449
 30
0.0
 70
0
  0
VERTEX
  5
559
  8
CUT
 10
8.426517486572266
 20
122.42148895263671
 30
0.0
 70
0
  0
VERTEX
  5
55A
  8
CUT
 10
10.034144592285159
 20
120.25385503768919
 30
0.0
 70
0
  0
VERTEX
  5
55B
  8
CUT
 10
11.349475860595703
 20
118.48033638000487
 30
0.0
 70
0
  0
VERTEX
  5
55C
  8
CUT
 10
13.161827659606935
 20
116.48071489334106
 30
0.0
 70
0
  0
VERTEX
  5
55D
  8
CUT
 10
14.644660949707031
 20
114.84466094970702
 30
0.0
 70
0
  0
VERTEX
  5
55E
  8
CUT
 10
16.64428243637085
 20
113.0323091506958
 30
0.0
 70
0
  0
VERTEX
  5
55F
  8
CUT
 10
18.280336380004883
 20
111.54947586059569
 30
0.0
 70
0
  0
VERTEX
  5
560
  8
CUT
 10
20.44797029495239
 20
109.9418487548828
 30
0.0
 70
0
  0
VERTEX
  5
561
  8
CUT
 10
22.22148895263672
 20
108.62651748657225
 30
0.0
 70
0
  0
VERTEX
  5
562
  8
CUT
 10
24.536259365081786
 20
107.23909893035888
 30
0.0
 70
0
  0
VERTEX
  5
563
  8
CUT
 10
26.43016242980957
 20
106.10393829345702
 30
0.0
 70
0
  0
VERTEX
  5
564
  8
CUT
 10
28.86977825164795
 20
104.95008468627928
 30
0.0
 70
0
  0
VERTEX
  5
565
  8
CUT
 10
30.865827560424805
 20
104.00602264404296
 30
0.0
 70
0
  0
VERTEX
  5
566
  8
CUT
 10
33.406793928146364
 20
103.09685173034667
 30
0.0
 70
0
  0
VERTEX
  5
567
  8
CUT
 10
35.48576641082764
 20
102.35298461914061
 30
0.0
 70
0
  0
VERTEX
  5
568
  8
CUT
 10
38.10361127853393
 20
101.69724750518797
 30
0.0
 70
0
  0
VERTEX
  5
569
  8
CUT
 10
40.245484352111816
 20
101.16073532104491
 30
0.0
 70
0
  0
VERTEX
  5
56A
  8
CUT
 10
42.91499662399292
 20
100.76475143432616
 30
0.0
 70
0
  0
VERTEX
  5
56B
  8
CUT
 10
45.09914302825928
 20
100.44076461791991
 30
0.0
 70
0
  0
VERTEX
  5
56C
  8
CUT
 10
47.79461436271668
 20
100.30834407806395
 30
0.0
 70
0
  0
VERTEX
  5
56D
  8
CUT
 10
50.00000000000001
 20
100.19999999999999
 30
0.0
 70
0
  0
VERTEX
  5
56E
  8
CUT
 10
52.6954713344574
 20
100.33242053985595
 30
0.0
 70
0
  0
VERTEX
  5
56F
  8
CUT
 10
54.90085697174072
 20
100.44076461791991
 30
0.0
 70
0
  0
VERTEX
  5
570
  8
CUT
 10
57.570369243621826
 20
100.83674850463866
 30
0.0
 70
0
  0
VERTEX
  5
571
  8
CUT
 10
59.754515647888184
 20
101.16073532104491
 30
0.0
 70
0
  0
VERTEX
  5
572
  8
CUT
 10
62.37236051559448
 20
101.81647243499755
 30
0.0
 70
0
  0
VERTEX
  5
573
  8
CUT
 10
64.51423358917236
 20
102.35298461914061
 30
0.0
 70
0
  0
VERTEX
  5
574
  8
CUT
 10
67.05519995689392
 20
103.2621555328369
 30
0.0
 70
0
  0
VERTEX
  5
575
  8
CUT
 10
69.1341724395752
 20
104.00602264404296
 30
0.0
 70
0
  0
VERTEX
  5
576
  8
CUT
 10
71.57378826141357
 20
105.1598762512207
 30
0.0
 70
0
  0
VERTEX
  5
577
  8
CUT
 10
73.56983757019043
 20
106.10393829345702
 30
0.0
 70
0
  0
VERTEX
  5
578
  8
CUT
 10
75.8846079826355
 20
107.4913568496704
 30
0.0
 70
0
  0
VERTEX
  5
579
  8
CUT
 10
77.77851104736328
 20
108.62651748657225
 30
0.0
 70
0
  0
VERTEX
  5
57A
  8
CUT
 10
79.9461449623108
 20
110.23414459228515
 30
0.0
 70
0
  0
VERTEX
  5
57B
  8
CUT
 10
81.71966361999512
 20
111.54947586059569
 30
0.0
 70
0
  0
VERTEX
  5
57C
  8
CUT
 10
83.71928510665893
 20
113.36182765960692
 30
0.0
 70
0
  0
VERTEX
  5
57D
  8
CUT
 10
85.35533905029297
 20
114.84466094970702
 30
0.0
 70
0
  0
VERTEX
  5
57E
  8
CUT
 10
87.1676908493042
 20
116.84428243637083
 30
0.0
 70
0
  0
VERTEX
  5
57F
  8
CUT
 10
88.6505241394043
 20
118.48033638000487
 30
0.0
 70
0
  0
VERTEX
  5
580
  8
CUT
 10
90.25815124511719
 20
120.64797029495239
 30
0.0
 70
0
  0
VERTEX
  5
581
  8
CUT
 10
91.57348251342773
 20
122.42148895263671
 30
0.0
 70
0
  0
VERTEX
  5
582
  8
CUT
 10
92.96090106964111
 20
124.73625936508178
 30
0.0
 70
0
  0
VERTEX
  5
583
  8
CUT
 10
94.09606170654297
 20
126.63016242980956
 30
0.0
 70
0
  0
VERTEX
  5
584
  8
CUT
 10
95.2499153137207
 20
129.06977825164793
 30
0.0
 70
0
  0
VERTEX
  5
585
  8
CUT
 10
96.19397735595703
 20
131.0658275604248
 30
0.0
 70
0
  0
VERTEX
  5
586
  8
CUT
 10
97.10314826965332
 20
133.60679392814635
 30
0.0
 70
0
  0
VERTEX
  5
587
  8
CUT
 10
97.84701538085938
 20
135.68576641082763
 30
0.0
 70
0
  0
VERTEX
  5
588
  8
CUT
 10
98.50275249481201
 20
138.30361127853394
 30
0.0
 70
0
  0
VERTEX
  5
589
  8
CUT
 10
99.03926467895508
 20
140.4454843521118
 30
0.0
 70
0
  0
VERTEX
  5
58A
  8
CUT
 10
99.43524856567383
 20
143.1149966239929
 30
0.0
 70
0
  0
VERTEX
  5
58B
  8
CUT
 10
99.75923538208008
 20
145.29914302825927
 30
0.0
 70
0
  0
VERTEX
  5
58C
  8
CUT
 10
99.89165592193604
 20
147.99461436271667
 30
0.0
 70
0
  0
SEQEND
  5
50C
  8
CUT
  0
POLYLINE
  5
58D
  8
CUT
 66
1
 10
0.0
 20
0.0
 30
0.0
 70
1
  0
VERTEX
  5
58F
  8
CUT
 10
41.0
 20
108.19999999999999
 30
0.0
 70
0
  0
VERTEX
  5
590
  8
CUT
 10
40.94235584120969
 20
107.6147290339516
 30
0.0
 70
0
  0
VERTEX
  5
591
  8
CUT
 10
40.77163859753386
 20
107.05194970290472
 30
0.0
 70
0
  0
VERTEX
  5
592
  8
CUT
 10
40.49440883690764
 20
106.53328930094119
 30
0.0
 70
0
  0
VERTEX
  5
593
  8
CUT
 10
40.121320343559645
 20
106.07867965644034
 30
0.0
 70
0
  0
VERTEX
  5
594
  8
CUT
 10
39.66671069905881
 20
105.70559116309235
 30
0.0
 70
0
  0
VERTEX
  5
595
  8
CUT
 10
39.14805029709527
 20
105.42836140246612
 30
0.0
 70
0
  0
VERTEX
  5
596
  8
CUT
 10
38.585270966048384
 20
105.2576441587903
 30
0.0
 70
0
  0
VERTEX
  5
597
  8
CUT
 10
38.0
 20
105.19999999999999
 30
0.0
 70
0
  0
VERTEX
  5
598
  8
CUT
 10
37.414729033951616
 20
105.2576441587903
 30
0.0
 70
0
  0
VERTEX
  5
599
  8
CUT
 10
36.85194970290473
 20
105.42836140246612
 30
0.0
 70
0
  0
VERTEX
  5
59A
  8
CUT
 10
36.333289300941196
 20
105.70559116309235
 30
0.0
 70
0
  0
VERTEX
  5
59B
  8
CUT
 10
35.878679656440355
 20
106.07867965644034
 30
0.0
 70
0
  0
VERTEX
  5
59C
  8
CUT
 10
35.50559116309236
 20
106.53328930094119
 30
0.0
 70
0
  0
VERTEX
  5
59D
  8
CUT
 10
35.22836140246614
 20
107.05194970290472
 30
0.0
 70
0
  0
VERTEX
  5
59E
  8
CUT
 10
35.05764415879031
 20
107.6147290339516
 30
0.0
 70
0
  0
VERTEX
  5
59F
  8
CUT
 10
35.0
 20
108.19999999999999
 30
0.0
 70
0
  0
VERTEX
  5
5A0
  8
CUT
 10
35.05764415879031
 20
108.78527096604837
 30
0.0
 70
0
  0
VERTEX
  5
5A1
  8
CUT
 10
35.22836140246614
 20
109.34805029709526
 30
0.0
 70
0
  0
VERTEX
  5
5A2
  8
CUT
 10
35.50559116309236
 20
109.86671069905879
 30
0.0
 70
0
  0
VERTEX
  5
5A3
  8
CUT
 10
35.878679656440355
 20
110.32132034355963
 30
0.0
 70
0
  0
VERTEX
  5
5A4
  8
CUT
 10
36.33328930094119
 20
110.69440883690763
 30
0.0
 70
0
  0
VERTEX
  5
5A5
  8
CUT
 10
36.85194970290473
 20
110.97163859753385
 30
0.0
 70
0
  0
VERTEX
  5
5A6
  8
CUT
 10
37.414729033951616
 20
111.14235584120968
 30
0.0
 70
0
  0
VERTEX
  5
5A7
  8
CUT
 10
38.0
 20
111.19999999999999
 30
0.0
 70
0
  0
VERTEX
  5
5A8
  8
CUT
 10
38.585270966048384
 20
111.14235584120968
 30
0.0
 70
0
  0
VERTEX
  5
5A9
  8
CUT
 10
39.14805029709527
 20
110.97163859753385
 30
0.0
 70
0
  0
VERTEX
  5
5AA
  8
CUT
 10
39.666710699058804
 20
110.69440883690763
 30
0.0
 70
0
  0
VERTEX
  5
5AB
  8
CUT
 10
40.121320343559645
 20
110.32132034355963
 30
0.0
 70
0
  0
VERTEX
  5
5AC
  8
CUT
 10
40.49440883690764
 20
109.86671069905879
 30
0.0
 70
0
  0
VERTEX
  5
5AD
  8
CUT
 10
40.77163859753386
 20
109.34805029709526
 30
0.0
 70
0
  0
VERTEX
  5
5AE
  8
CUT
 10
40.94235584120969
 20
108.78527096604837
 30
0.0
 70
0
  0
SEQEND
  5
58E
  8
CUT
  0
POLYLINE
  5
5AF
  8
CUT
 66
1
 10
0.0
 20
0.0
 30
0.0
 70
1
  0
VERTEX
  5
5B1
  8
CUT
 10
65.0
 20
192.2
 30
0.0
 70
0
  0
VERTEX
  5
5B2
  8
CUT
 10
64.94235584120969
 20
191.61472903395162
 30
0.0
 70
0
  0
VERTEX
  5
5B3
  8
CUT
 10
64.77163859753387
 20
191.05194970290472
 30
0.0
 70
0
  0
VERTEX
  5
5B4
  8
CUT
 10
64.49440883690764
 20
190.5332893009412
 30
0.0
 70
0
  0
VERTEX
  5
5B5
  8
CUT
 10
64.12132034355965
 20
190.07867965644033
 30
0.0
 70
0
  0
VERTEX
  5
5B6
  8
CUT
 10
63.66671069905881
 20
189.70559116309235
 30
0.0
 70
0
  0
VERTEX
  5
5B7
  8
CUT
 10
63.14805029709527
 20
189.42836140246612
 30
0.0
 70
0
  0
VERTEX
  5
5B8
  8
CUT
 10
62.585270966048384
 20
189.2576441587903
 30
0.0
 70
0
  0
VERTEX
  5
5B9
  8
CUT
 10
62.0
 20
189.2
 30
0.0
 70
0
  0
VERTEX
  5
5BA
  8
CUT
 10
61.414729033951616
 20
189.2576441587903
 30
0.0
 70
0
  0
VERTEX
  5
5BB
  8
CUT
 10
60.85194970290473
 20
189.42836140246612
 30
0.0
 70
0
  0
VERTEX
  5
5BC
  8
CUT
 10
60.333289300941196
 20
189.70559116309235
 30
0.0
 70
0
  0
VERTEX
  5
5BD
  8
CUT
 10
59.878679656440355
 20
190.07867965644033
 30
0.0
 70
0
  0
VERTEX
  5
5BE
  8
CUT
 10
59.50559116309236
 20
190.5332893009412
 30
0.0
 70
0
  0
VERTEX
  5
5BF
  8
CUT
 10
59.22836140246614
 20
191.05194970290472
 30
0.0
 70
0
  0
VERTEX
  5
5C0
  8
CUT
 10
59.05764415879031
 20
191.61472903395162
 30
0.0
 70
0
  0
VERTEX
  5
5C1
  8
CUT
 10
59.0
 20
192.2
 30
0.0
 70
0
  0
VERTEX
  5
5C2
  8
CUT
 10
59.05764415879031
 20
192.78527096604836
 30
0.0
 70
0
  0
VERTEX
  5
5C3
  8
CUT
 10
59.22836140246614
 20
193.34805029709526
 30
0.0
 70
0
  0
VERTEX
  5
5C4
  8
CUT
 10
59.50559116309236
 20
193.86671069905879
 30
0.0
 70
0
  0
VERTEX
  5
5C5
  8
CUT
 10
59.878679656440355
 20
194.32132034355965
 30
0.0
 70
0
  0
VERTEX
  5
5C6
  8
CUT
 10
60.33328930094119
 20
194.69440883690763
 30
0.0
 70
0
  0
VERTEX
  5
5C7
  8
CUT
 10
60.85194970290473
 20
194.97163859753385
 30
0.0
 70
0
  0
VERTEX
  5
5C8
  8
CUT
 10
61.414729033951616
 20
195.14235584120968
 30
0.0
 70
0
  0
VERTEX
  5
5C9
  8
CUT
 10
62.0
 20
195.2
 30
0.0
 70
0
  0
VERTEX
  5
5CA
  8
CUT
 10
62.585270966048384
 20
195.14235584120968
 30
0.0
 70
0
  0
VERTEX
  5
5CB
  8
CUT
 10
63.14805029709527
 20
194.97163859753385
 30
0.0
 70
0
  0
VERTEX
  5
5CC
  8
CUT
 10
63.666710699058804
 20
194.69440883690763
 30
0.0
 70
0
  0
VERTEX
  5
5CD
  8
CUT
 10
64.12132034355965
 20
194.32132034355965
 30
0.0
 70
0
  0
VERTEX
  5
5CE
  8
CUT
 10
64.49440883690764
 20
193.86671069905879
 30
0.0
 70
0
  0
VERTEX
  5
5CF
  8
CUT
 10
64.77163859753387
 20
193.34805029709526
 30
0.0
 70
0
  0
VERTEX
  5
5D0
  8
CUT
 10
64.94235584120969
 20
192.78527096604836
 30
0.0
 70
0
  0
SEQEND
  5
5B0
  8
CUT
  0
POLYLINE
  5
5D1
  8
CUT
 66
1
 10
0.0
 20
0.0
 30
0.0
 70
1
  0
VERTEX
  5
5D3
  8
CUT
 10
95.0
 20
138.2
 30
0.0
 70
0
  0
VERTEX
  5
5D4
  8
CUT
 10
94.94235584120969
 20
137.61472903395162
 30
0.0
 70
0
  0
VERTEX
  5
5D5
  8
CUT
 10
94.77163859753387
 20
137.05194970290472
 30
0.0
 70
0
  0
VERTEX
  5
5D6
  8
CUT
 10
94.49440883690764
 20
136.5332893009412
 30
0.0
 70
0
  0
VERTEX
  5
5D7
  8
CUT
 10
94.12132034355965
 20
136.07867965644036
 30
0.0
 70
0
  0
VERTEX
  5
5D8
  8
CUT
 10
93.6667106990588
 20
135.70559116309235
 30
0.0
 70
0
  0
VERTEX
  5
5D9
  8
CUT
 10
93.14805029709527
 20
135.42836140246612
 30
0.0
 70
0
  0
VERTEX
  5
5DA
  8
CUT
 10
92.58527096604838
 20
135.2576441587903
 30
0.0
 70
0
  0
VERTEX
  5
5DB
  8
CUT
 10
92.0
 20
135.2
 30
0.0
 70
0
  0
VERTEX
  5
5DC
  8
CUT
 10
91.41472903395162
 20
135.2576441587903
 30
0.0
 70
0
  0
VERTEX
  5
5DD
  8
CUT
 10
90.85194970290473
 20
135.42836140246612
 30
0.0
 70
0
  0
VERTEX
  5
5DE
  8
CUT
 10
90.3332893009412
 20
135.70559116309235
 30
0.0
 70
0
  0
VERTEX
  5
5DF
  8
CUT
 10
89.87867965644035
 20
136.07867965644036
 30
0.0
 70
0
  0
VERTEX
  5
5E0
  8
CUT
 10
89.50559116309236
 20
136.5332893009412
 30
0.0
 70
0
  0
VERTEX
  5
5E1
  8
CUT
 10
89.22836140246613
 20
137.05194970290472
 30
0.0
 70
0
  0
VERTEX
  5
5E2
  8
CUT
 10
89.05764415879031
 20
137.6147290339516
 30
0.0
 70
0
  0
VERTEX
  5
5E3
  8
CUT
 10
89.0
 20
138.2
 30
0.0
 70
0
  0
VERTEX
  5
5E4
  8
CUT
 10
89.05764415879031
 20
138.7852709660484
 30
0.0
 70
0
  0
VERTEX
  5
5E5
  8
CUT
 10
89.22836140246613
 20
139.34805029709526
 30
0.0
 70
0
  0
VERTEX
  5
5E6
  8
CUT
 10
89.50559116309236
 20
139.86671069905879
 30
0.0
 70
0
  0
VERTEX
  5
5E7
  8
CUT
 10
89.87867965644035
 20
140.32132034355962
 30
0.0
 70
0
  0
VERTEX
  5
5E8
  8
CUT
 10
90.3332893009412
 20
140.69440883690763
 30
0.0
 70
0
  0
VERTEX
  5
5E9
  8
CUT
 10
90.85194970290473
 20
140.97163859753385
 30
0.0
 70
0
  0
VERTEX
  5
5EA
  8
CUT
 10
91.41472903395162
 20
141.14235584120968
 30
0.0
 70
0
  0
VERTEX
  5
5EB
  8
CUT
 10
92.0
 20
141.2
 30
0.0
 70
0
  0
VERTEX
  5
5EC
  8
CUT
 10
92.58527096604838
 20
141.14235584120968
 30
0.0
 70
0
  0
VERTEX
  5
5ED
  8
CUT
 10
93.14805029709527
 20
140.97163859753385
 30
0.0
 70
0
  0
VERTEX
  5
5EE
  8
CUT
 10
93.6667106990588
 20
140.69440883690763
 30
0.0
 70
0
  0
VERTEX
  5
5EF
  8
CUT
 10
94.12132034355965
 20
140.32132034355962
 30
0.0
 70
0
  0
VERTEX
  5
5F0
  8
CUT
 10
94.49440883690764
 20
139.86671069905879
 30
0.0
 70
0
  0
VERTEX
  5
5F1
  8
CUT
 10
94.77163859753387
 20
139.34805029709526
 30
0.0
 70
0
  0
VERTEX
  5
5F2
  8
CUT
 10
94.94235584120969
 20
138.7852709660484
 30
0.0
 70
0
  0
SEQEND
  5
5D2
  8
CUT
  0
POLYLINE
  5
5F3
  8
ENGRAVE
 66
1
 10
0.0
 20
0.0
 30
0.0
 70
0
  0
VERTEX
  5
5F5
  8
ENGRAVE
 10
66.0
 20
180.2
 30
0.0
 70
0
  0
VERTEX
  5
5F6
  8
ENGRAVE
 10
66.0
 20
189.2
 30
0.0
 70
0
  0
SEQEND
  5
5F4
  8
ENGRAVE
  0
POLYLINE
  5
5F7
  8
ENGRAVE
 66
1
 10
0.0
 20
0.0
 30
0.0
 70
0
  0
VERTEX
  5
5F9
  8
ENGRAVE
 10
66.0
 20
180.2
 30
0.0
 70
0
  0
VERTEX
  5
5FA
  8
ENGRAVE
 10
73.5
 20
180.2
 30
0.0
 70
0
  0
SEQEND
  5
5F8
  8
ENGRAVE
  0
POLYLINE
  5
5FB
  8
ENGRAVE
 66
1
 10
0.0
 20
0.0
 30
0.0
 70
0
  0
VERTEX
  5
5FD
  8
ENGRAVE
 10
73.5
 20
180.2
 30
0.0
 70
0
  0
VERTEX
  5
5FE
  8
ENGRAVE
 10
73.5
 20
189.2
 30
0.0
 70
0
  0
SEQEND
  5
5FC
  8
ENGRAVE
  0
POLYLINE
  5
5FF
  8
ENGRAVE
 66
1
 10
0.0
 20
0.0
 30
0.0
 70
0
  0
VERTEX
  5
601
  8
ENGRAVE
 10
73.5
 20
180.2
 30
0.0
 70
0
  0
VERTEX
  5
602
  8
ENGRAVE
 10
81.0
 20
180.2
 30
0.0
 70
0
  0
SEQEND
  5
600
  8
ENGRAVE
  0
POLYLINE
  5
603
  8
ENGRAVE
 66
1
 10
0.0
 20
0.0
 30
0.0
 70
0
  0
VERTEX
  5
605
  8
ENGRAVE
 10
73.5
 20
189.2
 30
0.0
 70
0
  0
VERTEX
  5
606
  8
ENGRAVE
 10
81.0
 20
189.2
 30
0.0
 70
0
  0
SEQEND
  5
604
  8
ENGRAVE
  0
POLYLINE
  5
607
  8
ENGRAVE
 66
1
 10
0.0
 20
0.0
 30
0.0
 70
0
  0
VERTEX
  5
609
  8
ENGRAVE
 10
81.0
 20
180.2
 30
0.0
 70
0
  0
VERTEX
  5
60A
  8
ENGRAVE
 10
81.0
 20
189.2
 30
0.0
 70
0
  0
SEQEND
  5
608
  8
ENGRAVE
  0
POLYLINE
  5
60B
  8
CUT
 66
1
 10
0.0
 20
0.0
 30
0.0
 70
1
  0
VERTEX
  5
60D
  8
CUT
 10
200.2
 20
150.2
 30
0.0
 70
0
  0
VERTEX
  5
60E
  8
CUT
 10
200.04350299835204
 20
153.38555703163146
 30
0.0
 70
0
  0
VERTEX
  5
60F
  8
CUT
 10
199.95923538208007
 20
155.1008569717407
 30
0.0
 70
0
  0
VERTEX
  5
610
  8
CUT
 10
199.49125442504882
 20
158.25573511123656
 30
0.0
 70
0
  0
VERTEX
  5
611
  8
CUT
 10
199.23926467895507
 20
159.95451564788817
 30
0.0
 70
0
  0
VERTEX
  5
612
  8
CUT
 10
198.46430263519287
 20
163.0483323097229
 30
0.0
 70
0
  0
VERTEX
  5
613
  8
CUT
 10
198.04701538085936
 20
164.71423358917235
 30
0.0
 70
0
  0
VERTEX
  5
614
  8
CUT
 10
196.97254066467283
 20
167.7171938419342
 30
0.0
 70
0
  0
VERTEX
  5
615
  8
CUT
 10
196.39397735595702
 20
169.33417243957518
 30
0.0
 70
0
  0
VERTEX
  5
616
  8
CUT
 10
195.03033218383788
 20
172.2173547744751
 30
0.0
 70
0
  0
VERTEX
  5
617
  8
CUT
 10
194.29606170654296
 20
173.76983757019042
 30
0.0
 70
0
  0
VERTEX
  5
618
  8
CUT
 10
192.65638523101805
 20
176.50547533035277
 30
0.0
 70
0
  0
VERTEX
  5
619
  8
CUT
 10
191.77348251342772
 20
177.97851104736327
 30
0.0
 70
0
  0
VERTEX
  5
61A
  8
CUT
 10
189.8735595703125
 20
180.54026021957395
 30
0.0
 70
0
  0
VERTEX
  5
61B
  8
CUT
 10
188.85052413940429
 20
181.9196636199951
 30
0.0
 70
0
  0
VERTEX
  5
61C
  8
CUT
 10
186.7086538314819
 20
184.28285264968872
 30
0.0
 70
0
  0
VERTEX
  5
61D
  8
CUT
 10
185.55533905029296
 20
185.55533905029296
 30
0.0
 70
0
  0
VERTEX
  5
61E
  8
CUT
 10
183.19215002059934
 20
187.69720935821533
 30
0.0
 70
0
  0
VERTEX
  5
61F
  8
CUT
 10
181.9196636199951
 20
188.85052413940429
 30
0.0
 70
0
  0
VERTEX
  5
620
  8
CUT
 10
179.35791444778442
 20
190.7504470825195
 30
0.0
 70
0
  0
VERTEX
  5
621
  8
CUT
 10
177.97851104736327
 20
191.77348251342772
 30
0.0
 70
0
  0
VERTEX
  5
622
  8
CUT
 10
175.24287328720092
 20
193.41315898895263
 30
0.0
 70
0
  0
VERTEX
  5
623
  8
CUT
 10
173.76983757019042
 20
194.29606170654296
 30
0.0
 70
0
  0
VERTEX
  5
624
  8
CUT
 10
170.8866552352905
 20
195.6597068786621
 30
0.0
 70
0
  0
VERTEX
  5
625
  8
CUT
 10
169.33417243957518
 20
196.39397735595702
 30
0.0
 70
0
  0
VERTEX
  5
626
  8
CUT
 10
166.33121218681333
 20
197.46845207214355
 30
0.0
 70
0
  0
VERTEX
  5
627
  8
CUT
 10
164.71423358917235
 20
198.04701538085936
 30
0.0
 70
0
  0
VERTEX
  5
628
  8
CUT
 10
161.62041692733763
 20
198.82197742462156
 30
0.0
 70
0
  0
VERTEX
  5
629
  8
CUT
 10
159.95451564788817
 20
199.23926467895507
 30
0.0
 70
0
  0
VERTEX
  5
62A
  8
CUT
 10
156.79963750839232
 20
199.7072456359863
 30
0.0
 70
0
  0
VERTEX
  5
62B
  8
CUT
 10
155.1008569717407
 20
199.95923538208007
 30
0.0
 70
0
  0
VERTEX
  5
62C
  8
CUT
 10
151.91529994010924
 20
200.11573238372802
 30
0.0
 70
0
  0
VERTEX
  5
62D
  8
CUT
 10
150.2
 20
200.2
 30
0.0
 70
0
  0
VERTEX
  5
62E
  8
CUT
 10
147.0144429683685
 20
200.04350299835204
 30
0.0
 70
0
  0
VERTEX
  5
62F
  8
CUT
 10
145.29914302825927
 20
199.95923538208007
 30
0.0
 70
0
  0
VERTEX
  5
630
  8
CUT
 10
142.14426488876342
 20
199.49125442504882
 30
0.0
 70
0
  0
VERTEX
  5
631
  8
CUT
 10
140.4454843521118
 20
199.23926467895507
 30
0.0
 70
0
  0
VERTEX
  5
632
  8
CUT
 10
137.35166769027708
 20
198.46430263519287
 30
0.0
 70
0
  0
VERTEX
  5
633
  8
CUT
 10
135.68576641082763
 20
198.04701538085936
 30
0.0
 70
0
  0
VERTEX
  5
634
  8
CUT
 10
132.68280615806577
 20
196.97254066467283
 30
0.0
 70
0
  0
VERTEX
  5
635
  8
CUT
 10
131.0658275604248
 20
196.39397735595702
 30
0.0
 70
0
  0
VERTEX
  5
636
  8
CUT
 10
128.18264522552488
 20
195.03033218383788
 30
0.0
 70
0
  0
VERTEX
  5
637
  8
CUT
 10
126.63016242980956
 20
194.29606170654296
 30
0.0
 70
0
  0
VERTEX
  5
638
  8
CUT
 10
123.89452466964721
 20
192.65638523101805
 30
0.0
 70
0
  0
VERTEX
  5
639
  8
CUT
 10
122.42148895263671
 20
191.77348251342772
 30
0.0
 70
0
  0
VERTEX
  5
63A
  8
CUT
 10
119.85973978042601
 20
189.8735595703125
 30
0.0
 70
0
  0
VERTEX
  5
63B
  8
CUT
 10
118.48033638000487
 20
188.85052413940429
 30
0.0
 70
0
  0
VERTEX
  5
63C
  8
CUT
 10
116.11714735031127
 20
186.7086538314819
 30
0.0
 70
0
  0
VERTEX
  5
63D
  8
CUT
 10
114.84466094970702
 20
185.55533905029296
 30
0.0
 70
0
  0
VERTEX
  5
63E
  8
CUT
 10
112.70279064178466
 20
183.19215002059934
 30
0.0
 70
0
  0
VERTEX
  5
63F
  8
CUT
 10
111.54947586059569
 20
181.9196636199951
 30
0.0
 70
0
  0
VERTEX
  5
640
  8
CUT
 10
109.64955291748046
 20
179.35791444778442
 30
0.0
 70
0
  0
VERTEX
  5
641
  8
CUT
 10
108.62651748657225
 20
177.97851104736327
 30
0.0
 70
0
  0
VERTEX
  5
642
  8
CUT
 10
106.98684101104735
 20
175.24287328720092
 30
0.0
 70
0
  0
VERTEX
  5
643
  8
CUT
 10
106.10393829345702
 20
173.76983757019042
 30
0.0
 70
0
  0
VERTEX
  5
644
  8
CUT
 10
104.74029312133788
 20
170.8866552352905
 30
0.0
 70
0
  0
VERTEX
  5
645
  8
CUT
 10
104.00602264404296
 20
169.33417243957518
 30
0.0
 70
0
  0
VERTEX
  5
646
  8
CUT
 10
102.93154792785643
 20
166.33121218681333
 30
0.0
 70
0
  0
VERTEX
  5
647
  8
CUT
 10
102.35298461914061
 20
164.71423358917235
 30
0.0
 70
0
  0
VERTEX
  5
648
  8
CUT
 10
101.57802257537841
 20
161.62041692733763
 30
0.0
 70
0
  0
VERTEX
  5
649
  8
CUT
 10
101.16073532104491
 20
159.95451564788817
 30
0.0
 70
0
  0
VERTEX
  5
64A
  8
CUT
 10
100.69275436401367
 20
156.79963750839232
 30
0.0
 70
0
  0
VERTEX
  5
64B
  8
CUT
 10
100.44076461791991
 20
155.1008569717407
 30
0.0
 70
0
  0
VERTEX
  5
64C
  8
CUT
 10
100.28426761627196
 20
151.91529994010924
 30
0.0
 70
0
  0
VERTEX
  5
64D
  8
CUT
 10
100.19999999999999
 20
150.2
 30
0.0
 70
0
  0
VERTEX
  5
64E
  8
CUT
 10
100.35649700164794
 20
147.0144429683685
 30
0.0
 70
0
  0
VERTEX
  5
64F
  8
CUT
 10
100.44076461791991
 20
145.29914302825927
 30
0.0
 70
0
  0
VERTEX
  5
650
  8
CUT
 10
100.90874557495115
 20
142.14426488876342
 30
0.0
 70
0
  0
VERTEX
  5
651
  8
CUT
 10
101.16073532104491
 20
140.4454843521118
 30
0.0
 70
0
  0
VERTEX
  5
652
  8
CUT
 10
101.93569736480711
 20
137.35166769027708
 30
0.0
 70
0
  0
VERTEX
  5
653
  8
CUT
 10
102.35298461914061
 20
135.68576641082763
 30
0.0
 70
0
  0
VERTEX
  5
654
  8
CUT
 10
103.42745933532714
 20
132.68280615806577
 30
0.0
 70
0
  0
VERTEX
  5
655
  8
CUT
 10
104.00602264404296
 20
131.0658275604248
 30
0.0
 70
0
  0
VERTEX
  5
656
  8
CUT
 10
105.36966781616209
 20
128.18264522552488
 30
0.0
 70
0
  0
VERTEX
  5
657
  8
CUT
 10
106.10393829345702
 20
126.63016242980956
 30
0.0
 70
0
  0
VERTEX
  5
658
  8
CUT
 10
107.74361476898193
 20
123.89452466964721
 30
0.0
 70
0
  0
VERTEX
  5
659
  8
CUT
 10
108.62651748657225
 20
122.42148895263671
 30
0.0
 70
0
  0
VERTEX
  5
65A
  8
CUT
 10
110.52644042968748
 20
119.85973978042601
 30
0.0
 70
0
  0
VERTEX
  5
65B
  8
CUT
 10
111.54947586059569
 20
118.48033638000487
 30
0.0
 70
0
  0
VERTEX
  5
65C
  8
CUT
 10
113.69134616851805
 20
116.11714735031127
 30
0.0
 70
0
  0
VERTEX
  5
65D
  8
CUT
 10
114.84466094970702
 20
114.84466094970702
 30
0.0
 70
0
  0
VERTEX
  5
65E
  8
CUT
 10
117.20784997940062
 20
112.70279064178466
 30
0.0
 70
0
  0
VERTEX
  5
65F
  8
CUT
 10
118.48033638000487
 20
111.54947586059569
 30
0.0
 70
0
  0
VERTEX
  5
660
  8
CUT
 10
121.04208555221557
 20
109.64955291748046
 30
0.0
 70
0
  0
VERTEX
  5
661
  8
CUT
 10
122.42148895263671
 20
108.62651748657225
 30
0.0
 70
0
  0
VERTEX
  5
662
  8
CUT
 10
125.15712671279906
 20
106.98684101104735
 30
0.0
 70
0
  0
VERTEX
  5
663
  8
CUT
 10
126.63016242980956
 20
106.10393829345702
 30
0.0
 70
0
  0
VERTEX
  5
664
  8
CUT
 10
129.51334476470947
 20
104.74029312133788
 30
0.0
 70
0
  0
VERTEX
  5
665
  8
CUT
 10
131.0658275604248
 20
104.00602264404296
 30
0.0
 70
0
  0
VERTEX
  5
666
  8
CUT
 10
134.06878781318665
 20
102.93154792785643
 30
0.0
 70
0
  0
VERTEX
  5
667
  8
CUT
 10
135.68576641082763
 20
102.35298461914061
 30
0.0
 70
0
  0
VERTEX
  5
668
  8
CUT
 10
138.77958307266235
 20
101.57802257537841
 30
0.0
 70
0
  0
VERTEX
  5
669
  8
CUT
 10
140.4454843521118
 20
101.16073532104491
 30
0.0
 70
0
  0
VERTEX
  5
66A
  8
CUT
 10
143.60036249160765
 20
100.69275436401367
 30
0.0
 70
0
  0
VERTEX
  5
66B
  8
CUT
 10
145.29914302825927
 20
100.44076461791991
 30
0.0
 70
0
  0
VERTEX
  5
66C
  8
CUT
 10
148.48470005989074
 20
100.28426761627196
 30
0.0
 70
0
  0
VERTEX
  5
66D
  8
CUT
 10
150.2
 20
100.19999999999999
 30
0.0
 70
0
  0
VERTEX
  5
66E
  8
CUT
 10
153.38555703163146
 20
100.35649700164794
 30
0.0
 70
0
  0
VERTEX
  5
66F
  8
CUT
 10
155.1008569717407
 20
100.44076461791991
 30
0.0
 70
0
  0
VERTEX
  5
670
  8
CUT
 10
158.25573511123656
 20
100.90874557495115
 30
0.0
 70
0
  0
VERTEX
  5
671
  8
CUT
 10
159.95451564788817
 20
101.16073532104491
 30
0.0
 70
0
  0
VERTEX
  5
672
  8
CUT
 10
163.0483323097229
 20
101.93569736480711
 30
0.0
 70
0
  0
VERTEX
  5
673
  8
CUT
 10
164.71423358917235
 20
102.35298461914061
 30
0.0
 70
0
  0
VERTEX
  5
674
  8
CUT
 10
167.7171938419342
 20
103.42745933532714
 30
0.0
 70
0
  0
VERTEX
  5
675
  8
CUT
 10
169.33417243957518
 20
104.00602264404296
 30
0.0
 70
0
  0
VERTEX
  5
676
  8
CUT
 10
172.2173547744751
 20
105.36966781616209
 30
0.0
 70
0
  0
VERTEX
  5
677
  8
CUT
 10
173.76983757019042
 20
106.10393829345702
 30
0.0
 70
0
  0
VERTEX
  5
678
  8
CUT
 10
176.50547533035277
 20
107.74361476898193
 30
0.0
 70
0
  0
VERTEX
  5
679
  8
CUT
 10
177.97851104736327
 20
108.62651748657225
 30
0.0
 70
0
  0
VERTEX
  5
67A
  8
CUT
 10
180.54026021957395
 20
110.52644042968748
 30
0.0
 70
0
  0
VERTEX
  5
67B
  8
CUT
 10
181.9196636199951
 20
111.54947586059569
 30
0.0
 70
0
  0
VERTEX
  5
67C
  8
CUT
 10
184.28285264968872
 20
113.69134616851805
 30
0.0
 70
0
  0
VERTEX
  5
67D
  8
CUT
 10
185.55533905029296
 20
114.84466094970702
 30
0.0
 70
0
  0
VERTEX
  5
67E
  8
CUT
 10
187.69720935821533
 20
117.20784997940062
 30
0.0
 70
0
  0
VERTEX
  5
67F
  8
CUT
 10
188.85052413940429
 20
118.48033638000487
 30
0.0
 70
0
  0
VERTEX
  5
680
  8
CUT
 10
190.7504470825195
 20
121.04208555221557
 30
0.0
 70
0
  0
VERTEX
  5
681
  8
CUT
 10
191.77348251342772
 20
122.42148895263671
 30
0.0
 70
0
  0
VERTEX
  5
682
  8
CUT
 10
193.41315898895263
 20
125.15712671279906
 30
0.0
 70
0
  0
VERTEX
  5
683
  8
CUT
 10
194.29606170654296
 20
126.63016242980956
 30
0.0
 70
0
  0
VERTEX
  5
684
  8
CUT
 10
195.6597068786621
 20
129.51334476470947
 30
0.0
 70
0
  0
VERTEX
  5
685
  8
CUT
 10
196.39397735595702
 20
131.0658275604248
 30
0.0
 70
0
  0
VERTEX
  5
686
  8
CUT
 10
197.46845207214355
 20
134.06878781318665
 30
0.0
 70
0
  0
VERTEX
  5
687
  8
CUT
 10
198.04701538085936
 20
135.68576641082763
 30
0.0
 70
0
  0
VERTEX
  5
688
  8
CUT
 10
198.82197742462156
 20
138.77958307266235
 30
0.0
 70
0
  0
VERTEX
  5
689
  8
CUT
 10
199.23926467895507
 20
140.4454843521118
 30
0.0
 70
0
  0
VERTEX
  5
68A
  8
CUT
 10
199.7072456359863
 20
143.60036249160765
 30
0.0
 70
0
  0
VERTEX
  5
68B
  8
CUT
 10
199.95923538208007
 20
145.29914302825927
 30
0.0
 70
0
  0
VERTEX
  5
68C
  8
CUT
 10
200.11573238372802
 20
148.48470005989074
 30
0.0
 70
0
  0
SEQEND
  5
60C
  8
CUT
  0
POLYLINE
  5
68D
  8
CUT
 66
1
 10
0.0
 20
0.0
 30
0.0
 70
1
  0
VERTEX
  5
68F
  8
CUT
 10
141.2
 20
108.19999999999999
 30
0.0
 70
0
  0
VERTEX
  5
690
  8
CUT
 10
141.14235584120968
 20
107.6147290339516
 30
0.0
 70
0
  0
VERTEX
  5
691
  8
CUT
 10
140.97163859753385
 20
107.05194970290472
 30
0.0
 70
0
  0
VERTEX
  5
692
  8
CUT
 10
140.69440883690763
 20
106.53328930094119
 30
0.0
 70
0
  0
VERTEX
  5
693
  8
CUT
 10
140.32132034355962
 20
106.07867965644034
 30
0.0
 70
0
  0
VERTEX
  5
694
  8
CUT
 10
139.86671069905879
 20
105.70559116309235
 30
0.0
 70
0
  0
VERTEX
  5
695
  8
CUT
 10
139.34805029709526
 20
105.42836140246612
 30
0.0
 70
0
  0
VERTEX
  5
696
  8
CUT
 10
138.7852709660484
 20
105.2576441587903
 30
0.0
 70
0
  0
VERTEX
  5
697
  8
CUT
 10
138.2
 20
105.19999999999999
 30
0.0
 70
0
  0
VERTEX
  5
698
  8
CUT
 10
137.61472903395162
 20
105.2576441587903
 30
0.0
 70
0
  0
VERTEX
  5
699
  8
CUT
 10
137.05194970290472
 20
105.42836140246612
 30
0.0
 70
0
  0
VERTEX
  5
69A
  8
CUT
 10
136.5332893009412
 20
105.70559116309235
 30
0.0
 70
0
  0
VERTEX
  5
69B
  8
CUT
 10
136.07867965644036
 20
106.07867965644034
 30
0.0
 70
0
  0
VERTEX
  5
69C
  8
CUT
 10
135.70559116309235
 20
106.53328930094119
 30
0.0
 70
0
  0
VERTEX
  5
69D
  8
CUT
 10
135.42836140246612
 20
107.05194970290472
 30
0.0
 70
0
  0
VERTEX
  5
69E
  8
CUT
 10
135.2576441587903
 20
107.6147290339516
 30
0.0
 70
0
  0
VERTEX
  5
69F
  8
CUT
 10
135.2
 20
108.19999999999999
 30
0.0
 70
0
  0
VERTEX
  5
6A0
  8
CUT
 10
135.2576441587903
 20
108.78527096604837
 30
0.0
 70
0
  0
VERTEX
  5
6A1
  8
CUT
 10
135.42836140246612
 20
109.34805029709526
 30
0.0
 70
0
  0
VERTEX
  5
6A2
  8
CUT
 10
135.70559116309235
 20
109.86671069905879
 30
0.0
 70
0
  0
VERTEX
  5
6A3
  8
CUT
 10
136.07867965644036
 20
110.32132034355963
 30
0.0
 70
0
  0
VERTEX
  5
6A4
  8
CUT
 10
136.5332893009412
 20
110.69440883690763
 30
0.0
 70
0
  0
VERTEX
  5
6A5
  8
CUT
 10
137.05194970290472
 20
110.97163859753385
 30
0.0
 70
0
  0
VERTEX
  5
6A6
  8
CUT
 10
137.6147290339516
 20
111.14235584120968
 30
0.0
 70
0
  0
VERTEX
  5
6A7
  8
CUT
 10
138.2
 20
111.19999999999999
 30
0.0
 70
0
  0
VERTEX
  5
6A8
  8
CUT
 10
138.7852709660484
 20
111.14235584120968
 30
0.0
 70
0
  0
VERTEX
  5
6A9
  8
CUT
 10
139.34805029709526
 20
110.97163859753385
 30
0.0
 70
0
  0
VERTEX
  5
6AA
  8
CUT
 10
139.86671069905879
 20
110.69440883690763
 30
0.0
 70
0
  0
VERTEX
  5
6AB
  8
CUT
 10
140.32132034355962
 20
110.32132034355963
 30
0.0
 70
0
  0
VERTEX
  5
6AC
  8
CUT
 10
140.69440883690763
 20
109.86671069905879
 30
0.0
 70
0
  0
VERTEX
  5
6AD
  8
CUT
 10
140.97163859753385
 20
109.34805029709526
 30
0.0
 70
0
  0
VERTEX
  5
6AE
  8
CUT
 10
141.14235584120968
 20
108.78527096604837
 30
0.0
 70
0
  0
SEQEND
  5
68E
  8
CUT
  0
POLYLINE
  5
6AF
  8
CUT
 66
1
 10
0.0
 20
0.0
 30
0.0
 70
1
  0
VERTEX
  5
6B1
  8
CUT
 10
165.2
 20
192.2
 30
0.0
 70
0
  0
VERTEX
  5
6B2
  8
CUT
 10
165.14235584120968
 20
191.61472903395162
 30
0.0
 70
0
  0
VERTEX
  5
6B3
  8
CUT
 10
164.97163859753385
 20
191.05194970290472
 30
0.0
 70
0
  0
VERTEX
  5
6B4
  8
CUT
 10
164.69440883690763
 20
190.5332893009412
 30
0.0
 70
0
  0
VERTEX
  5
6B5
  8
CUT
 10
164.32132034355962
 20
190.07867965644033
 30
0.0
 70
0
  0
VERTEX
  5
6B6
  8
CUT
 10
163.86671069905879
 20
189.70559116309235
 30
0.0
 70
0
  0
VERTEX
  5
6B7
  8
CUT
 10
163.34805029709526
 20
189.42836140246612
 30
0.0
 70
0
  0
VERTEX
  5
6B8
  8
CUT
 10
162.7852709660484
 20
189.2576441587903
 30
0.0
 70
0
  0
VERTEX
  5
6B9
  8
CUT
 10
162.2
 20
189.2
 30
0.0
 70
0
  0
VERTEX
  5
6BA
  8
CUT
 10
161.61472903395162
 20
189.2576441587903
 30
0.0
 70
0
  0
VERTEX
  5
6BB
  8
CUT
 10
161.05194970290472
 20
189.42836140246612
 30
0.0
 70
0
  0
VERTEX
  5
6BC
  8
CUT
 10
160.5332893009412
 20
189.70559116309235
 30
0.0
 70
0
  0
VERTEX
  5
6BD
  8
CUT
 10
160.07867965644036
 20
190.07867965644033
 30
0.0
 70
0
  0
VERTEX
  5
6BE
  8
CUT
 10
159.70559116309235
 20
190.5332893009412
 30
0.0
 70
0
  0
VERTEX
  5
6BF
  8
CUT
 10
159.42836140246612
 20
191.05194970290472
 30
0.0
 70
0
  0
VERTEX
  5
6C0
  8
CUT
 10
159.2576441587903
 20
191.61472903395162
 30
0.0
 70
0
  0
VERTEX
  5
6C1
  8
CUT
 10
159.2
 20
192.2
 30
0.0
 70
0
  0
VERTEX
  5
6C2
  8
CUT
 10
159.2576441587903
 20
192.78527096604836
 30
0.0
 70
0
  0
VERTEX
  5
6C3
  8
CUT
 10
159.42836140246612
 20
193.34805029709526
 30
0.0
 70
0
  0
VERTEX
  5
6C4
  8
CUT
 10
159.70559116309235
 20
193.86671069905879
 30
0.0
 70
0
  0
VERTEX
  5
6C5
  8
CUT
 10
160.07867965644036
 20
194.32132034355965
 30
0.0
 70
0
  0
VERTEX
  5
6C6
  8
CUT
 10
160.5332893009412
 20
194.69440883690763
 30
0.0
 70
0
  0
VERTEX
  5
6C7
  8
CUT
 10
161.05194970290472
 20
194.97163859753385
 30
0.0
 70
0
  0
VERTEX
  5
6C8
  8
CUT
 10
161.6147290339516
 20
195.14235584120968
 30
0.0
 70
0
  0
VERTEX
  5
6C9
  8
CUT
 10
162.2
 20
195.2
 30
0.0
 70
0
  0
VERTEX
  5
6CA
  8
CUT
 10
162.7852709660484
 20
195.14235584120968
 30
0.0
 70
0
  0
VERTEX
  5
6CB
  8
CUT
 10
163.34805029709526
 20
194.97163859753385
 30
0.0
 70
0
  0
VERTEX
  5
6CC
  8
CUT
 10
163.86671069905879
 20
194.69440883690763
 30
0.0
 70
0
  0
VERTEX
  5
6CD
  8
CUT
 10
164.32132034355962
 20
194.32132034355965
 30
0.0
 70
0
  0
VERTEX
  5
6CE
  8
CUT
 10
164.69440883690763
 20
193.86671069905879
 30
0.0
 70
0
  0
VERTEX
  5
6CF
  8
CUT
 10
164.97163859753385
 20
193.34805029709526
 30
0.0
 70
0
  0
VERTEX
  5
6D0
  8
CUT
 10
165.14235584120968
 20
192.78527096604836
 30
0.0
 70
0
  0
SEQEND
  5
6B0
  8
CUT
  0
POLYLINE
  5
6D1
  8
CUT
 66
1
 10
0.0
 20
0.0
 30
0.0
 70
1
  0
VERTEX
  5
6D3
  8
CUT
 10
195.2
 20
138.2
 30
0.0
 70
0
  0
VERTEX
  5
6D4
  8
CUT
 10
195.14235584120968
 20
137.61472903395162
 30
0.0
 70
0
  0
VERTEX
  5
6D5
  8
CUT
 10
194.97163859753385
 20
137.05194970290472
 30
0.0
 70
0
  0
VERTEX
  5
6D6
  8
CUT
 10
194.69440883690763
 20
136.5332893009412
 30
0.0
 70
0
  0
VERTEX
  5
6D7
  8
CUT
 10
194.32132034355965
 20
136.07867965644036
 30
0.0
 70
0
  0
VERTEX
  5
6D8
  8
CUT
 10
193.86671069905879
 20
135.70559116309235
 30
0.0
 70
0
  0
VERTEX
  5
6D9
  8
CUT
 10
193.34805029709526
 20
135.42836140246612
 30
0.0
 70
0
  0
VERTEX
  5
6DA
  8
CUT
 10
192.78527096604836
 20
135.2576441587903
 30
0.0
 70
0
  0
VERTEX
  5
6DB
  8
CUT
 10
192.2
 20
135.2
 30
0.0
 70
0
  0
VERTEX
  5
6DC
  8
CUT
 10
191.61472903395162
 20
135.2576441587903
 30
0.0
 70
0
  0
VERTEX
  5
6DD
  8
CUT
 10
191.05194970290472
 20
135.42836140246612
 30
0.0
 70
0
  0
VERTEX
  5
6DE
  8
CUT
 10
190.5332893009412
 20
135.70559116309235
 30
0.0
 70
0
  0
VERTEX
  5
6DF
  8
CUT
 10
190.07867965644033
 20
136.07867965644036
 30
0.0
 70
0
  0
VERTEX
  5
6E0
  8
CUT
 10
189.70559116309235
 20
136.5332893009412
 30
0.0
 70
0
  0
VERTEX
  5
6E1
  8
CUT
 10
189.42836140246612
 20
137.05194970290472
 30
0.0
 70
0
  0
VERTEX
  5
6E2
  8
CUT
 10
189.2576441587903
 20
137.6147290339516
 30
0.0
 70
0
  0
VERTEX
  5
6E3
  8
CUT
 10
189.2
 20
138.2
 30
0.0
 70
0
  0
VERTEX
  5
6E4
  8
CUT
 10
189.2576441587903
 20
138.7852709660484
 30
0.0
 70
0
  0
VERTEX
  5
6E5
  8
CUT
 10
189.42836140246612
 20
139.34805029709526
 30
0.0
 70
0
  0
VERTEX
  5
6E6
  8
CUT
 10
189.70559116309235
 20
139.86671069905879
 30
0.0
 70
0
  0
VERTEX
  5
6E7
  8
CUT
 10
190.07867965644033
 20
140.32132034355962
 30
0.0
 70
0
  0
VERTEX
  5
6E8
  8
CUT
 10
190.5332893009412
 20
140.69440883690763
 30
0.0
 70
0
  0
VERTEX
  5
6E9
  8
CUT
 10
191.05194970290472
 20
140.97163859753385
 30
0.0
 70
0
  0
VERTEX
  5
6EA
  8
CUT
 10
191.61472903395162
 20
141.14235584120968
 30
0.0
 70
0
  0
VERTEX
  5
6EB
  8
CUT
 10
192.2
 20
141.2
 30
0.0
 70
0
  0
VERTEX
  5
6EC
  8
CUT
 10
192.78527096604836
 20
141.14235584120968
 30
0.0
 70
0
  0
VERTEX
  5
6ED
  8
CUT
 10
193.34805029709526
 20
140.97163859753385
 30
0.0
 70
0
  0
VERTEX
  5
6EE
  8
CUT
 10
193.86671069905879
 20
140.69440883690763
 30
0.0
 70
0
  0
VERTEX
  5
6EF
  8
CUT
 10
194.32132034355965
 20
140.32132034355962
 30
0.0
 70
0
  0
VERTEX
  5
6F0
  8
CUT
 10
194.69440883690763
 20
139.86671069905879
 30
0.0
 70
0
  0
VERTEX
  5
6F1
  8
CUT
 10
194.97163859753385
 20
139.34805029709526
 30
0.0
 70
0
  0
VERTEX
  5
6F2
  8
CUT
 10
195.14235584120968
 20
138.7852709660484
 30
0.0
 70
0
  0
SEQEND
  5
6D2
  8
CUT
  0
POLYLINE
  5
6F3
  8
ENGRAVE
 66
1
 10
0.0
 20
0.0
 30
0.0
 70
0
  0
VERTEX
  5
6F5
  8
ENGRAVE
 10
166.2
 20
180.2
 30
0.0
 70
0
  0
VERTEX
  5
6F6
  8
ENGRAVE
 10
166.2
 20
189.2
 30
0.0
 70
0
  0
SEQEND
  5
6F4
  8
ENGRAVE
  0
POLYLINE
  5
6F7
  8
ENGRAVE
 66
1
 10
0.0
 20
0.0
 30
0.0
 70
0
  0
VERTEX
  5
6F9
  8
ENGRAVE
 10
166.2
 20
189.2
 30
0.0
 70
0
  0
VERTEX
  5
6FA
  8
ENGRAVE
 10
173.7
 20
189.2
 30
0.0
 70
0
  0
SEQEND
  5
6F8
  8
ENGRAVE
  0
POLYLINE
  5
6FB
  8
ENGRAVE
 66
1
 10
0.0
 20
0.0
 30
0.0
 70
0
  0
VERTEX
  5
6FD
  8
ENGRAVE
 10
173.7
 20
189.2
 30
0.0
 70
0
  0
VERTEX
  5
6FE
  8
ENGRAVE
 10
181.2
 20
189.2
 30
0.0
 70
0
  0
SEQEND
  5
6FC
  8
ENGRAVE
  0
POLYLINE
  5
6FF
  8
CUT
 66
1
 10
0.0
 20
0.0
 30
0.0
 70
1
  0
VERTEX
  5
701
  8
CUT
 10
300.4
 20
150.2
 30
0.0
 70
0
  0
VERTEX
  5
702
  8
CUT
 10
300.21942653656004
 20
153.87564272880553
 30
0.0
 70
0
  0
VERTEX
  5
703
  8
CUT
 10
300.15923538208006
 20
155.1008569717407
 30
0.0
 70
0
  0
VERTEX
  5
704
  8
CUT
 10
299.6192573547363
 20
158.7411009788513
 30
0.0
 70
0
  0
VERTEX
  5
705
  8
CUT
 10
299.43926467895506
 20
159.95451564788817
 30
0.0
 70
0
  0
VERTEX
  5
706
  8
CUT
 10
298.5450777053833
 20
163.5243041038513
 30
0.0
 70
0
  0
VERTEX
  5
707
  8
CUT
 10
298.24701538085935
 20
164.71423358917235
 30
0.0
 70
0
  0
VERTEX
  5
708
  8
CUT
 10
297.0072368621826
 20
168.17918772697448
 30
0.0
 70
0
  0
VERTEX
  5
709
  8
CUT
 10
296.593977355957
 20
169.33417243957518
 30
0.0
 70
0
  0
VERTEX
  5
70A
  8
CUT
 10
295.02054061889646
 20
172.6609212875366
 30
0.0
 70
0
  0
VERTEX
  5
70B
  8
CUT
 10
294.49606170654295
 20
173.76983757019042
 30
0.0
 70
0
  0
VERTEX
  5
70C
  8
CUT
 10
292.6041273117065
 20
176.92634267807006
 30
0.0
 70
0
  0
VERTEX
  5
70D
  8
CUT
 10
291.9734825134277
 20
177.97851104736327
 30
0.0
 70
0
  0
VERTEX
  5
70E
  8
CUT
 10
289.78126373291013
 20
180.93437547683715
 30
0.0
 70
0
  0
VERTEX
  5
70F
  8
CUT
 10
289.0505241394043
 20
181.9196636199951
 30
0.0
 70
0
  0
VERTEX
  5
710
  8
CUT
 10
286.5791353225708
 20
184.6464201927185
 30
0.0
 70
0
  0
VERTEX
  5
711
  8
CUT
 10
285.75533905029295
 20
185.55533905029296
 30
0.0
 70
0
  0
VERTEX
  5
712
  8
CUT
 10
283.02858247756956
 20
188.02672786712645
 30
0.0
 70
0
  0
VERTEX
  5
713
  8
CUT
 10
282.1196636199951
 20
188.85052413940429
 30
0.0
 70
0
  0
VERTEX
  5
714
  8
CUT
 10
279.1637991905212
 20
191.04274291992186
 30
0.0
 70
0
  0
VERTEX
  5
715
  8
CUT
 10
278.17851104736326
 20
191.77348251342772
 30
0.0
 70
0
  0
VERTEX
  5
716
  8
CUT
 10
275.0220059394836
 20
193.66541690826415
 30
0.0
 70
0
  0
VERTEX
  5
717
  8
CUT
 10
273.9698375701904
 20
194.29606170654296
 30
0.0
 70
0
  0
VERTEX
  5
718
  8
CUT
 10
270.643088722229
 20
195.8694984436035
 30
0.0
 70
0
  0
VERTEX
  5
719
  8
CUT
 10
269.5341724395752
 20
196.39397735595702
 30
0.0
 70
0
  0
VERTEX
  5
71A
  8
CUT
 10
266.06921830177305
 20
197.63375587463378
 30
0.0
 70
0
  0
VERTEX
  5
71B
  8
CUT
 10
264.91423358917234
 20
198.04701538085936
 30
0.0
 70
0
  0
VERTEX
  5
71C
  8
CUT
 10
261.3444451332092
 20
198.94120235443114
 30
0.0
 70
0
  0
VERTEX
  5
71D
  8
CUT
 10
260.15451564788816
 20
199.23926467895507
 30
0.0
 70
0
  0
VERTEX
  5
71E
  8
CUT
 10
256.51427164077757
 20
199.77924270629882
 30
0.0
 70
0
  0
VERTEX
  5
71F
  8
CUT
 10
255.30085697174073
 20
199.95923538208007
 30
0.0
 70
0
  0
VERTEX
  5
720
  8
CUT
 10
251.6252142429352
 20
200.13980884552
 30
0.0
 70
0
  0
VERTEX
  5
721
  8
CUT
 10
250.4
 20
200.2
 30
0.0
 70
0
  0
VERTEX
  5
722
  8
CUT
 10
246.72435727119446
 20
200.01942653656005
 30
0.0
 70
0
  0
VERTEX
  5
723
  8
CUT
 10
245.49914302825928
 20
199.95923538208007
 30
0.0
 70
0
  0
VERTEX
  5
724
  8
CUT
 10
241.8588990211487
 20
199.41925735473632
 30
0.0
 70
0
  0
VERTEX
  5
725
  8
CUT
 10
240.64548435211182
 20
199.23926467895507
 30
0.0
 70
0
  0
VERTEX
  5
726
  8
CUT
 10
237.0756958961487
 20
198.3450777053833
 30
0.0
 70
0
  0
VERTEX
  5
727
  8
CUT
 10
235.88576641082764
 20
198.04701538085936
 30
0.0
 70
0
  0
VERTEX
  5
728
  8
CUT
 10
232.42081227302552
 20
196.8072368621826
 30
0.0
 70
0
  0
VERTEX
  5
729
  8
CUT
 10
231.2658275604248
 20
196.39397735595702
 30
0.0
 70
0
  0
VERTEX
  5
72A
  8
CUT
 10
227.93907871246338
 20
194.82054061889647
 30
0.0
 70
0
  0
VERTEX
  5
72B
  8
CUT
 10
226.83016242980958
 20
194.29606170654296
 30
0.0
 70
0
  0
VERTEX
  5
72C
  8
CUT
 10
223.67365732192994
 20
192.40412731170653
 30
0.0
 70
0
  0
VERTEX
  5
72D
  8
CUT
 10
222.62148895263672
 20
191.77348251342772
 30
0.0
 70
0
  0
VERTEX
  5
72E
  8
CUT
 10
219.66562452316285
 20
189.58126373291014
 30
0.0
 70
0
  0
VERTEX
  5
72F
  8
CUT
 10
218.6803363800049
 20
188.85052413940429
 30
0.0
 70
0
  0
VERTEX
  5
730
  8
CUT
 10
215.9535798072815
 20
186.3791353225708
 30
0.0
 70
0
  0
VERTEX
  5
731
  8
CUT
 10
215.04466094970704
 20
185.55533905029296
 30
0.0
 70
0
  0
VERTEX
  5
732
  8
CUT
 10
212.57327213287354
 20
182.82858247756957
 30
0.0
 70
0
  0
VERTEX
  5
733
  8
CUT
 10
211.7494758605957
 20
181.9196636199951
 30
0.0
 70
0
  0
VERTEX
  5
734
  8
CUT
 10
209.55725708007813
 20
178.96379919052123
 30
0.0
 70
0
  0
VERTEX
  5
735
  8
CUT
 10
208.82651748657227
 20
177.97851104736327
 30
0.0
 70
0
  0
VERTEX
  5
736
  8
CUT
 10
206.93458309173585
 20
174.82200593948363
 30
0.0
 70
0
  0
VERTEX
  5
737
  8
CUT
 10
206.30393829345704
 20
173.76983757019042
 30
0.0
 70
0
  0
VERTEX
  5
738
  8
CUT
 10
204.7305015563965
 20
170.443088722229
 30
0.0
 70
0
  0
VERTEX
  5
739
  8
CUT
 10
204.20602264404297
 20
169.33417243957518
 30
0.0
 70
0
  0
VERTEX
  5
73A
  8
CUT
 10
202.96624412536622
 20
165.86921830177306
 30
0.0
 70
0
  0
VERTEX
  5
73B
  8
CUT
 10
202.55298461914063
 20
164.71423358917235
 30
0.0
 70
0
  0
VERTEX
  5
73C
  8
CUT
 10
201.65879764556885
 20
161.14444513320922
 30
0.0
 70
0
  0
VERTEX
  5
73D
  8
CUT
 10
201.36073532104493
 20
159.95451564788817
 30
0.0
 70
0
  0
VERTEX
  5
73E
  8
CUT
 10
200.82075729370118
 20
156.31427164077758
 30
0.0
 70
0
  0
VERTEX
  5
73F
  8
CUT
 10
200.64076461791993
 20
155.1008569717407
 30
0.0
 70
0
  0
VERTEX
  5
740
  8
CUT
 10
200.46019115448
 20
151.42521424293517
 30
0.0
 70
0
  0
VERTEX
  5
741
  8
CUT
 10
200.4
 20
150.2
 30
0.0
 70
0
  0
VERTEX
  5
742
  8
CUT
 10
200.58057346343995
 20
146.52435727119445
 30
0.0
 70
0
  0
VERTEX
  5
743
  8
CUT
 10
200.64076461791993
 20
145.29914302825927
 30
0.0
 70
0
  0
VERTEX
  5
744
  8
CUT
 10
201.18074264526368
 20
141.65889902114867
 30
0.0
 70
0
  0
VERTEX
  5
745
  8
CUT
 10
201.36073532104493
 20
140.4454843521118
 30
0.0
 70
0
  0
VERTEX
  5
746
  8
CUT
 10
202.2549222946167
 20
136.87569589614867
 30
0.0
 70
0
  0
VERTEX
  5
747
  8
CUT
 10
202.55298461914063
 20
135.68576641082763
 30
0.0
 70
0
  0
VERTEX
  5
748
  8
CUT
 10
203.7927631378174
 20
132.2208122730255
 30
0.0
 70
0
  0
VERTEX
  5
749
  8
CUT
 10
204.20602264404297
 20
131.0658275604248
 30
0.0
 70
0
  0
VERTEX
  5
74A
  8
CUT
 10
205.77945938110352
 20
127.73907871246337
 30
0.0
 70
0
  0
VERTEX
  5
74B
  8
CUT
 10
206.30393829345704
 20
126.63016242980956
 30
0.0
 70
0
  0
VERTEX
  5
74C
  8
CUT
 10
208.19587268829346
 20
123.47365732192992
 30
0.0
 70
0
  0
VERTEX
  5
74D
  8
CUT
 10
208.82651748657227
 20
122.42148895263671
 30
0.0
 70
0
  0
VERTEX
  5
74E
  8
CUT
 10
211.01873626708985
 20
119.46562452316283
 30
0.0
 70
0
  0
VERTEX
  5
74F
  8
CUT
 10
211.7494758605957
 20
118.48033638000487
 30
0.0
 70
0
  0
VERTEX
  5
750
  8
CUT
 10
214.2208646774292
 20
115.75357980728148
 30
0.0
 70
0
  0
VERTEX
  5
751
  8
CUT
 10
215.04466094970704
 20
114.84466094970702
 30
0.0
 70
0
  0
VERTEX
  5
752
  8
CUT
 10
217.77141752243043
 20
112.37327213287352
 30
0.0
 70
0
  0
VERTEX
  5
753
  8
CUT
 10
218.6803363800049
 20
111.54947586059569
 30
0.0
 70
0
  0
VERTEX
  5
754
  8
CUT
 10
221.63620080947877
 20
109.35725708007811
 30
0.0
 70
0
  0
VERTEX
  5
755
  8
CUT
 10
222.62148895263672
 20
108.62651748657225
 30
0.0
 70
0
  0
VERTEX
  5
756
  8
CUT
 10
225.77799406051636
 20
106.73458309173583
 30
0.0
 70
0
  0
VERTEX
  5
757
  8
CUT
 10
226.83016242980958
 20
106.10393829345702
 30
0.0
 70
0
  0
VERTEX
  5
758
  8
CUT
 10
230.156911277771
 20
104.53050155639647
 30
0.0
 70
0
  0
VERTEX
  5
759
  8
CUT
 10
231.2658275604248
 20
104.00602264404296
 30
0.0
 70
0
  0
VERTEX
  5
75A
  8
CUT
 10
234.73078169822693
 20
102.7662441253662
 30
0.0
 70
0
  0
VERTEX
  5
75B
  8
CUT
 10
235.88576641082764
 20
102.35298461914061
 30
0.0
 70
0
  0
VERTEX
  5
75C
  8
CUT
 10
239.45555486679078
 20
101.45879764556884
 30
0.0
 70
0
  0
VERTEX
  5
75D
  8
CUT
 10
240.64548435211182
 20
101.16073532104491
 30
0.0
 70
0
  0
VERTEX
  5
75E
  8
CUT
 10
244.28572835922242
 20
100.62075729370116
 30
0.0
 70
0
  0
VERTEX
  5
75F
  8
CUT
 10
245.49914302825928
 20
100.44076461791991
 30
0.0
 70
0
  0
VERTEX
  5
760
  8
CUT
 10
249.17478575706483
 20
100.26019115447997
 30
0.0
 70
0
  0
VERTEX
  5
761
  8
CUT
 10
250.4
 20
100.19999999999999
 30
0.0
 70
0
  0
VERTEX
  5
762
  8
CUT
 10
254.07564272880555
 20
100.38057346343993
 30
0.0
 70
0
  0
VERTEX
  5
763
  8
CUT
 10
255.30085697174073
 20
100.44076461791991
 30
0.0
 70
0
  0
VERTEX
  5
764
  8
CUT
 10
258.9411009788513
 20
100.98074264526366
 30
0.0
 70
0
  0
VERTEX
  5
765
  8
CUT
 10
260.15451564788816
 20
101.16073532104491
 30
0.0
 70
0
  0
VERTEX
  5
766
  8
CUT
 10
263.7243041038513
 20
102.05492229461669
 30
0.0
 70
0
  0
VERTEX
  5
767
  8
CUT
 10
264.91423358917234
 20
102.35298461914061
 30
0.0
 70
0
  0
VERTEX
  5
768
  8
CUT
 10
268.37918772697446
 20
103.59276313781737
 30
0.0
 70
0
  0
VERTEX
  5
769
  8
CUT
 10
269.5341724395752
 20
104.00602264404296
 30
0.0
 70
0
  0
VERTEX
  5
76A
  8
CUT
 10
272.8609212875366
 20
105.5794593811035
 30
0.0
 70
0
  0
VERTEX
  5
76B
  8
CUT
 10
273.9698375701904
 20
106.10393829345702
 30
0.0
 70
0
  0
VERTEX
  5
76C
  8
CUT
 10
277.12634267807005
 20
107.99587268829345
 30
0.0
 70
0
  0
VERTEX
  5
76D
  8
CUT
 10
278.17851104736326
 20
108.62651748657225
 30
0.0
 70
0
  0
VERTEX
  5
76E
  8
CUT
 10
281.13437547683714
 20
110.81873626708983
 30
0.0
 70
0
  0
VERTEX
  5
76F
  8
CUT
 10
282.1196636199951
 20
111.54947586059569
 30
0.0
 70
0
  0
VERTEX
  5
770
  8
CUT
 10
284.8464201927185
 20
114.02086467742919
 30
0.0
 70
0
  0
VERTEX
  5
771
  8
CUT
 10
285.75533905029295
 20
114.84466094970702
 30
0.0
 70
0
  0
VERTEX
  5
772
  8
CUT
 10
288.22672786712644
 20
117.57141752243041
 30
0.0
 70
0
  0
VERTEX
  5
773
  8
CUT
 10
289.0505241394043
 20
118.48033638000487
 30
0.0
 70
0
  0
VERTEX
  5
774
  8
CUT
 10
291.24274291992185
 20
121.43620080947875
 30
0.0
 70
0
  0
VERTEX
  5
775
  8
CUT
 10
291.9734825134277
 20
122.42148895263671
 30
0.0
 70
0
  0
VERTEX
  5
776
  8
CUT
 10
293.86541690826414
 20
125.57799406051635
 30
0.0
 70
0
  0
VERTEX
  5
777
  8
CUT
 10
294.49606170654295
 20
126.63016242980956
 30
0.0
 70
0
  0
VERTEX
  5
778
  8
CUT
 10
296.0694984436035
 20
129.95691127777098
 30
0.0
 70
0
  0
VERTEX
  5
779
  8
CUT
 10
296.593977355957
 20
131.0658275604248
 30
0.0
 70
0
  0
VERTEX
  5
77A
  8
CUT
 10
297.83375587463377
 20
134.53078169822692
 30
0.0
 70
0
  0
VERTEX
  5
77B
  8
CUT
 10
298.24701538085935
 20
135.68576641082763
 30
0.0
 70
0
  0
VERTEX
  5
77C
  8
CUT
 10
299.14120235443113
 20
139.25555486679076
 30
0.0
 70
0
  0
VERTEX
  5
77D
  8
CUT
 10
299.43926467895506
 20
140.4454843521118
 30
0.0
 70
0
  0
VERTEX
  5
77E
  8
CUT
 10
299.9792427062988
 20
144.0857283592224
 30
0.0
 70
0
  0
VERTEX
  5
77F
  8
CUT
 10
300.15923538208006
 20
145.29914302825927
 30
0.0
 70
0
  0
VERTEX
  5
780
  8
CUT
 10
300.33980884552
 20
148.9747857570648
 30
0.0
 70
0
  0
SEQEND
  5
700
  8
CUT
  0
POLYLINE
  5
781
  8
CUT
 66
1
 10
0.0
 20
0.0
 30
0.0
 70
1
  0
VERTEX
  5
783
  8
CUT
 10
241.4
 20
108.19999999999999
 30
0.0
 70
0
  0
VERTEX
  5
784
  8
CUT
 10
241.3423558412097
 20
107.6147290339516
 30
0.0
 70
0
  0
VERTEX
  5
785
  8
CUT
 10
241.17163859753387
 20
107.05194970290472
 30
0.0
 70
0
  0
VERTEX
  5
786
  8
CUT
 10
240.89440883690764
 20
106.53328930094119
 30
0.0
 70
0
  0
VERTEX
  5
787
  8
CUT
 10
240.52132034355964
 20
106.07867965644034
 30
0.0
 70
0
  0
VERTEX
  5
788
  8
CUT
 10
240.0667106990588
 20
105.70559116309235
 30
0.0
 70
0
  0
VERTEX
  5
789
  8
CUT
 10
239.54805029709527
 20
105.42836140246612
 30
0.0
 70
0
  0
VERTEX
  5
78A
  8
CUT
 10
238.9852709660484
 20
105.2576441587903
 30
0.0
 70
0
  0
VERTEX
  5
78B
  8
CUT
 10
238.4
 20
105.19999999999999
 30
0.0
 70
0
  0
VERTEX
  5
78C
  8
CUT
 10
237.8147290339516
 20
105.2576441587903
 30
0.0
 70
0
  0
VERTEX
  5
78D
  8
CUT
 10
237.25194970290474
 20
105.42836140246612
 30
0.0
 70
0
  0
VERTEX
  5
78E
  8
CUT
 10
236.7332893009412
 20
105.70559116309235
 30
0.0
 70
0
  0
VERTEX
  5
78F
  8
CUT
 10
236.27867965644037
 20
106.07867965644034
 30
0.0
 70
0
  0
VERTEX
  5
790
  8
CUT
 10
235.90559116309237
 20
106.53328930094119
 30
0.0
 70
0
  0
VERTEX
  5
791
  8
CUT
 10
235.62836140246614
 20
107.05194970290472
 30
0.0
 70
0
  0
VERTEX
  5
792
  8
CUT
 10
235.45764415879032
 20
107.6147290339516
 30
0.0
 70
0
  0
VERTEX
  5
793
  8
CUT
 10
235.4
 20
108.19999999999999
 30
0.0
 70
0
  0
VERTEX
  5
794
  8
CUT
 10
235.45764415879032
 20
108.78527096604837
 30
0.0
 70
0
  0
VERTEX
  5
795
  8
CUT
 10
235.62836140246614
 20
109.34805029709526
 30
0.0
 70
0
  0
VERTEX
  5
796
  8
CUT
 10
235.90559116309237
 20
109.86671069905879
 30
0.0
 70
0
  0
VERTEX
  5
797
  8
CUT
 10
236.27867965644037
 20
110.32132034355963
 30
0.0
 70
0
  0
VERTEX
  5
798
  8
CUT
 10
236.7332893009412
 20
110.69440883690763
 30
0.0
 70
0
  0
VERTEX
  5
799
  8
CUT
 10
237.25194970290474
 20
110.97163859753385
 30
0.0
 70
0
  0
VERTEX
  5
79A
  8
CUT
 10
237.8147290339516
 20
111.14235584120968
 30
0.0
 70
0
  0
VERTEX
  5
79B
  8
CUT
 10
238.4
 20
111.19999999999999
 30
0.0
 70
0
  0
VERTEX
  5
79C
  8
CUT
 10
238.9852709660484
 20
111.14235584120968
 30
0.0
 70
0
  0
VERTEX
  5
79D
  8
CUT
 10
239.54805029709527
 20
110.97163859753385
 30
0.0
 70
0
  0
VERTEX
  5
79E
  8
CUT
 10
240.0667106990588
 20
110.69440883690763
 30
0.0
 70
0
  0
VERTEX
  5
79F
  8
CUT
 10
240.52132034355964
 20
110.32132034355963
 30
0.0
 70
0
  0
VERTEX
  5
7A0
  8
CUT
 10
240.89440883690764
 20
109.86671069905879
 30
0.0
 70
0
  0
VERTEX
  5
7A1
  8
CUT
 10
241.17163859753387
 20
109.34805029709526
 30
0.0
 70
0
  0
VERTEX
  5
7A2
  8
CUT
 10
241.3423558412097
 20
108.78527096604837
 30
0.0
 70
0
  0
SEQEND
  5
782
  8
CUT
  0
POLYLINE
  5
7A3
  8
CUT
 66
1
 10
0.0
 20
0.0
 30
0.0
 70
1
  0
VERTEX
  5
7A5
  8
CUT
 10
265.4
 20
192.2
 30
0.0
 70
0
  0
VERTEX
  5
7A6
  8
CUT
 10
265.3423558412097
 20
191.61472903395162
 30
0.0
 70
0
  0
VERTEX
  5
7A7
  8
CUT
 10
265.17163859753384
 20
191.05194970290472
 30
0.0
 70
0
  0
VERTEX
  5
7A8
  8
CUT
 10
264.89440883690764
 20
190.5332893009412
 30
0.0
 70
0
  0
VERTEX
  5
7A9
  8
CUT
 10
264.52132034355964
 20
190.07867965644033
 30
0.0
 70
0
  0
VERTEX
  5
7AA
  8
CUT
 10
264.06671069905883
 20
189.70559116309235
 30
0.0
 70
0
  0
VERTEX
  5
7AB
  8
CUT
 10
263.5480502970953
 20
189.42836140246612
 30
0.0
 70
0
  0
VERTEX
  5
7AC
  8
CUT
 10
262.9852709660484
 20
189.2576441587903
 30
0.0
 70
0
  0
VERTEX
  5
7AD
  8
CUT
 10
262.4
 20
189.2
 30
0.0
 70
0
  0
VERTEX
  5
7AE
  8
CUT
 10
261.8147290339516
 20
189.2576441587903
 30
0.0
 70
0
  0
VERTEX
  5
7AF
  8
CUT
 10
261.2519497029047
 20
189.42836140246612
 30
0.0
 70
0
  0
VERTEX
  5
7B0
  8
CUT
 10
260.7332893009412
 20
189.70559116309235
 30
0.0
 70
0
  0
VERTEX
  5
7B1
  8
CUT
 10
260.2786796564404
 20
190.07867965644033
 30
0.0
 70
0
  0
VERTEX
  5
7B2
  8
CUT
 10
259.90559116309237
 20
190.5332893009412
 30
0.0
 70
0
  0
VERTEX
  5
7B3
  8
CUT
 10
259.62836140246617
 20
191.05194970290472
 30
0.0
 70
0
  0
VERTEX
  5
7B4
  8
CUT
 10
259.4576441587903
 20
191.61472903395162
 30
0.0
 70
0
  0
VERTEX
  5
7B5
  8
CUT
 10
259.4
 20
192.2
 30
0.0
 70
0
  0
VERTEX
  5
7B6
  8
CUT
 10
259.4576441587903
 20
192.78527096604836
 30
0.0
 70
0
  0
VERTEX
  5
7B7
  8
CUT
 10
259.62836140246617
 20
193.34805029709526
 30
0.0
 70
0
  0
VERTEX
  5
7B8
  8
CUT
 10
259.90559116309237
 20
193.86671069905879
 30
0.0
 70
0
  0
VERTEX
  5
7B9
  8
CUT
 10
260.2786796564404
 20
194.32132034355965
 30
0.0
 70
0
  0
VERTEX
  5
7BA
  8
CUT
 10
260.7332893009412
 20
194.69440883690763
 30
0.0
 70
0
  0
VERTEX
  5
7BB
  8
CUT
 10
261.2519497029047
 20
194.97163859753385
 30
0.0
 70
0
  0
VERTEX
  5
7BC
  8
CUT
 10
261.8147290339516
 20
195.14235584120968
 30
0.0
 70
0
  0
VERTEX
  5
7BD
  8
CUT
 10
262.4
 20
195.2
 30
0.0
 70
0
  0
VERTEX
  5
7BE
  8
CUT
 10
262.9852709660484
 20
195.14235584120968
 30
0.0
 70
0
  0
VERTEX
  5
7BF
  8
CUT
 10
263.5480502970953
 20
194.97163859753385
 30
0.0
 70
0
  0
VERTEX
  5
7C0
  8
CUT
 10
264.06671069905883
 20
194.69440883690763
 30
0.0
 70
0
  0
VERTEX
  5
7C1
  8
CUT
 10
264.52132034355964
 20
194.32132034355965
 30
0.0
 70
0
  0
VERTEX
  5
7C2
  8
CUT
 10
264.89440883690764
 20
193.86671069905879
 30
0.0
 70
0
  0
VERTEX
  5
7C3
  8
CUT
 10
265.17163859753384
 20
193.34805029709526
 30
0.0
 70
0
  0
VERTEX
  5
7C4
  8
CUT
 10
265.3423558412097
 20
192.78527096604836
 30
0.0
 70
0
  0
SEQEND
  5
7A4
  8
CUT
  0
POLYLINE
  5
7C5
  8
CUT
 66
1
 10
0.0
 20
0.0
 30
0.0
 70
1
  0
VERTEX
  5
7C7
  8
CUT
 10
295.4
 20
138.2
 30
0.0
 70
0
  0
VERTEX
  5
7C8
  8
CUT
 10
295.3423558412097
 20
137.61472903395162
 30
0.0
 70
0
  0
VERTEX
  5
7C9
  8
CUT
 10
295.17163859753384
 20
137.05194970290472
 30
0.0
 70
0
  0
VERTEX
  5
7CA
  8
CUT
 10
294.89440883690764
 20
136.5332893009412
 30
0.0
 70
0
  0
VERTEX
  5
7CB
  8
CUT
 10
294.52132034355964
 20
136.07867965644036
 30
0.0
 70
0
  0
VERTEX
  5
7CC
  8
CUT
 10
294.06671069905883
 20
135.70559116309235
 30
0.0
 70
0
  0
VERTEX
  5
7CD
  8
CUT
 10
293.5480502970953
 20
135.42836140246612
 30
0.0
 70
0
  0
VERTEX
  5
7CE
  8
CUT
 10
292.9852709660484
 20
135.2576441587903
 30
0.0
 70
0
  0
VERTEX
  5
7CF
  8
CUT
 10
292.4
 20
135.2
 30
0.0
 70
0
  0
VERTEX
  5
7D0
  8
CUT
 10
291.8147290339516
 20
135.2576441587903
 30
0.0
 70
0
  0
VERTEX
  5
7D1
  8
CUT
 10
291.25194970290477
 20
135.42836140246612
 30
0.0
 70
0
  0
VERTEX
  5
7D2
  8
CUT
 10
290.7332893009412
 20
135.70559116309235
 30
0.0
 70
0
  0
VERTEX
  5
7D3
  8
CUT
 10
290.2786796564404
 20
136.07867965644036
 30
0.0
 70
0
  0
VERTEX
  5
7D4
  8
CUT
 10
289.90559116309237
 20
136.5332893009412
 30
0.0
 70
0
  0
VERTEX
  5
7D5
  8
CUT
 10
289.62836140246617
 20
137.05194970290472
 30
0.0
 70
0
  0
VERTEX
  5
7D6
  8
CUT
 10
289.45764415879034
 20
137.6147290339516
 30
0.0
 70
0
  0
VERTEX
  5
7D7
  8
CUT
 10
289.4
 20
138.2
 30
0.0
 70
0
  0
VERTEX
  5
7D8
  8
CUT
 10
289.45764415879034
 20
138.7852709660484
 30
0.0
 70
0
  0
VERTEX
  5
7D9
  8
CUT
 10
289.62836140246617
 20
139.34805029709526
 30
0.0
 70
0
  0
VERTEX
  5
7DA
  8
CUT
 10
289.90559116309237
 20
139.86671069905879
 30
0.0
 70
0
  0
VERTEX
  5
7DB
  8
CUT
 10
290.2786796564404
 20
140.32132034355962
 30
0.0
 70
0
  0
VERTEX
  5
7DC
  8
CUT
 10
290.7332893009412
 20
140.69440883690763
 30
0.0
 70
0
  0
VERTEX
  5
7DD
  8
CUT
 10
291.2519497029047
 20
140.97163859753385
 30
0.0
 70
0
  0
VERTEX
  5
7DE
  8
CUT
 10
291.8147290339516
 20
141.14235584120968
 30
0.0
 70
0
  0
VERTEX
  5
7DF
  8
CUT
 10
292.4
 20
141.2
 30
0.0
 70
0
  0
VERTEX
  5
7E0
  8
CUT
 10
292.9852709660484
 20
141.14235584120968
 30
0.0
 70
0
  0
VERTEX
  5
7E1
  8
CUT
 10
293.5480502970953
 20
140.97163859753385
 30
0.0
 70
0
  0
VERTEX
  5
7E2
  8
CUT
 10
294.06671069905883
 20
140.69440883690763
 30
0.0
 70
0
  0
VERTEX
  5
7E3
  8
CUT
 10
294.52132034355964
 20
140.32132034355962
 30
0.0
 70
0
  0
VERTEX
  5
7E4
  8
CUT
 10
294.89440883690764
 20
139.86671069905879
 30
0.0
 70
0
  0
VERTEX
  5
7E5
  8
CUT
 10
295.17163859753384
 20
139.34805029709526
 30
0.0
 70
0
  0
VERTEX
  5
7E6
  8
CUT
 10
295.3423558412097
 20
138.7852709660484
 30
0.0
 70
0
  0
SEQEND
  5
7C6
  8
CUT
  0
POLYLINE
  5
7E7
  8
ENGRAVE
 66
1
 10
0.0
 20
0.0
 30
0.0
 70
0
  0
VERTEX
  5
7E9
  8
ENGRAVE
 10
266.4
 20
180.2
 30
0.0
 70
0
  0
VERTEX
  5
7EA
  8
ENGRAVE
 10
266.4
 20
189.2
 30
0.0
 70
0
  0
SEQEND
  5
7E8
  8
ENGRAVE
  0
POLYLINE
  5
7EB
  8
ENGRAVE
 66
1
 10
0.0
 20
0.0
 30
0.0
 70
0
  0
VERTEX
  5
7ED
  8
ENGRAVE
 10
266.4
 20
189.2
 30
0.0
 70
0
  0
VERTEX
  5
7EE
  8
ENGRAVE
 10
273.9
 20
189.2
 30
0.0
 70
0
  0
SEQEND
  5
7EC
  8
ENGRAVE
  0
POLYLINE
  5
7EF
  8
ENGRAVE
 66
1
 10
0.0
 20
0.0
 30
0.0
 70
0
  0
VERTEX
  5
7F1
  8
ENGRAVE
 10
273.9
 20
189.2
 30
0.0
 70
0
  0
VERTEX
  5
7F2
  8
ENGRAVE
 10
281.4
 20
189.2
 30
0.0
 70
0
  0
SEQEND
  5
7F0
  8
ENGRAVE
  0
POLYLINE
  5
7F3
  8
ENGRAVE
 66
1
 10
0.0
 20
0.0
 30
0.0
 70
0
  0
VERTEX
  5
7F5
  8
ENGRAVE
 10
281.4
 20
180.2
 30
0.0
 70
0
  0
VERTEX
  5
7F6
  8
ENGRAVE
 10
281.4
 20
189.2
 30
0.0
 70
0
  0
SEQEND
  5
7F4
  8
ENGRAVE
  0
POLYLINE
  5
7F7
  8
ENGRAVE
 66
1
 10
0.0
 20
0.0
 30
0.0
 70
0
  0
VERTEX
  5
7F9
  8
ENGRAVE
 10
273.9
 20
180.2
 30
0.0
 70
0
  0
VERTEX
  5
7FA
  8
ENGRAVE
 10
281.4
 20
180.2
 30
0.0
 70
0
  0
SEQEND
  5
7F8
  8
ENGRAVE
  0
POLYLINE
  5
7FB
  8
ENGRAVE
 66
1
 10
0.0
 20
0.0
 30
0.0
 70
0
  0
VERTEX
  5
7FD
  8
ENGRAVE
 10
266.4
 20
180.2
 30
0.0
 70
0
  0
VERTEX
  5
7FE
  8
ENGRAVE
 10
273.9
 20
180.2
 30
0.0
 70
0
  0
SEQEND
  5
7FC
  8
ENGRAVE
  0
POLYLINE
  5
7FF
  8
ENGRAVE
 66
1
 10
0.0
 20
0.0
 30
0.0
 70
0
  0
VERTEX
  5
801
  8
ENGRAVE
 10
273.9
 20
180.2
 30
0.0
 70
0
  0
VERTEX
  5
802
  8
ENGRAVE
 10
273.9
 20
189.2
 30
0.0
 70
0
  0
SEQEND
  5
800
  8
ENGRAVE
  0
POLYLINE
  5
803
  8
CUT
 66
1
 10
0.0
 20
0.0
 30
0.0
 70
1
  0
VERTEX
  5
805
  8
CUT
 10
400.6
 20
150.2
 30
0.0
 70
0
  0
VERTEX
  5
806
  8
CUT
 10
400.3953500747681
 20
154.3657284259796
 30
0.0
 70
0
  0
VERTEX
  5
807
  8
CUT
 10
400.3592353820801
 20
155.1008569717407
 30
0.0
 70
0
  0
VERTEX
  5
808
  8
CUT
 10
399.7472602844239
 20
159.22646684646605
 30
0.0
 70
0
  0
VERTEX
  5
809
  8
CUT
 10
399.6392646789551
 20
159.95451564788817
 30
0.0
 70
0
  0
VERTEX
  5
80A
  8
CUT
 10
398.6258527755738
 20
164.00027589797972
 30
0.0
 70
0
  0
VERTEX
  5
80B
  8
CUT
 10
398.4470153808594
 20
164.71423358917235
 30
0.0
 70
0
  0
VERTEX
  5
80C
  8
CUT
 10
397.0419330596924
 20
168.64118161201475
 30
0.0
 70
0
  0
VERTEX
  5
80D
  8
CUT
 10
396.79397735595705
 20
169.33417243957518
 30
0.0
 70
0
  0
VERTEX
  5
80E
  8
CUT
 10
395.0107490539551
 20
173.10448780059812
 30
0.0
 70
0
  0
VERTEX
  5
80F
  8
CUT
 10
394.696061706543
 20
173.76983757019042
 30
0.0
 70
0
  0
VERTEX
  5
810
  8
CUT
 10
392.551869392395
 20
177.34721002578735
 30
0.0
 70
0
  0
VERTEX
  5
811
  8
CUT
 10
392.17348251342776
 20
177.97851104736327
 30
0.0
 70
0
  0
VERTEX
  5
812
  8
CUT
 10
389.68896789550786
 20
181.32849073410034
 30
0.0
 70
0
  0
VERTEX
  5
813
  8
CUT
 10
389.2505241394043
 20
181.9196636199951
 30
0.0
 70
0
  0
VERTEX
  5
814
  8
CUT
 10
386.4496168136597
 20
185.00998773574827
 30
0.0
 70
0
  0
VERTEX
  5
815
  8
CUT
 10
385.955339050293
 20
185.55533905029296
 30
0.0
 70
0
  0
VERTEX
  5
816
  8
CUT
 10
382.86501493453983
 20
188.35624637603757
 30
0.0
 70
0
  0
VERTEX
  5
817
  8
CUT
 10
382.31966361999514
 20
188.85052413940429
 30
0.0
 70
0
  0
VERTEX
  5
818
  8
CUT
 10
378.96968393325807
 20
191.3350387573242
 30
0.0
 70
0
  0
VERTEX
  5
819
  8
CUT
 10
378.3785110473633
 20
191.77348251342772
 30
0.0
 70
0
  0
VERTEX
  5
81A
  8
CUT
 10
374.8011385917664
 20
193.91767482757567
 30
0.0
 70
0
  0
VERTEX
  5
81B
  8
CUT
 10
374.16983757019045
 20
194.29606170654296
 30
0.0
 70
0
  0
VERTEX
  5
81C
  8
CUT
 10
370.3995222091675
 20
196.07929000854492
 30
0.0
 70
0
  0
VERTEX
  5
81D
  8
CUT
 10
369.7341724395752
 20
196.39397735595702
 30
0.0
 70
0
  0
VERTEX
  5
81E
  8
CUT
 10
365.8072244167328
 20
197.799059677124
 30
0.0
 70
0
  0
VERTEX
  5
81F
  8
CUT
 10
365.1142335891724
 20
198.04701538085936
 30
0.0
 70
0
  0
VERTEX
  5
820
  8
CUT
 10
361.0684733390808
 20
199.06042728424072
 30
0.0
 70
0
  0
VERTEX
  5
821
  8
CUT
 10
360.3545156478882
 20
199.23926467895507
 30
0.0
 70
0
  0
VERTEX
  5
822
  8
CUT
 10
356.22890577316286
 20
199.85123977661132
 30
0.0
 70
0
  0
VERTEX
  5
823
  8
CUT
 10
355.50085697174075
 20
199.95923538208007
 30
0.0
 70
0
  0
VERTEX
  5
824
  8
CUT
 10
351.3351285457611
 20
200.163885307312
 30
0.0
 70
0
  0
VERTEX
  5
825
  8
CUT
 10
350.6
 20
200.2
 30
0.0
 70
0
  0
VERTEX
  5
826
  8
CUT
 10
346.4342715740204
 20
199.99535007476806
 30
0.0
 70
0
  0
VERTEX
  5
827
  8
CUT
 10
345.6991430282593
 20
199.95923538208007
 30
0.0
 70
0
  0
VERTEX
  5
828
  8
CUT
 10
341.57353315353396
 20
199.3472602844238
 30
0.0
 70
0
  0
VERTEX
  5
829
  8
CUT
 10
340.84548435211184
 20
199.23926467895507
 30
0.0
 70
0
  0
VERTEX
  5
82A
  8
CUT
 10
336.79972410202026
 20
198.2258527755737
 30
0.0
 70
0
  0
VERTEX
  5
82B
  8
CUT
 10
336.08576641082766
 20
198.04701538085936
 30
0.0
 70
0
  0
VERTEX
  5
82C
  8
CUT
 10
332.15881838798526
 20
196.64193305969238
 30
0.0
 70
0
  0
VERTEX
  5
82D
  8
CUT
 10
331.4658275604248
 20
196.39397735595702
 30
0.0
 70
0
  0
VERTEX
  5
82E
  8
CUT
 10
327.6955121994019
 20
194.61074905395506
 30
0.0
 70
0
  0
VERTEX
  5
82F
  8
CUT
 10
327.0301624298096
 20
194.29606170654296
 30
0.0
 70
0
  0
VERTEX
  5
830
  8
CUT
 10
323.4527899742127
 20
192.151869392395
 30
0.0
 70
0
  0
VERTEX
  5
831
  8
CUT
 10
322.82148895263674
 20
191.77348251342772
 30
0.0
 70
0
  0
VERTEX
  5
832
  8
CUT
 10
319.47150926589967
 20
189.2889678955078
 30
0.0
 70
0
  0
VERTEX
  5
833
  8
CUT
 10
318.8803363800049
 20
188.85052413940429
 30
0.0
 70
0
  0
VERTEX
  5
834
  8
CUT
 10
315.79001226425174
 20
186.04961681365967
 30
0.0
 70
0
  0
VERTEX
  5
835
  8
CUT
 10
315.24466094970705
 20
185.55533905029296
 30
0.0
 70
0
  0
VERTEX
  5
836
  8
CUT
 10
312.44375362396244
 20
182.4650149345398
 30
0.0
 70
0
  0
VERTEX
  5
837
  8
CUT
 10
311.9494758605957
 20
181.9196636199951
 30
0.0
 70
0
  0
VERTEX
  5
838
  8
CUT
 10
309.4649612426758
 20
178.56968393325803
 30
0.0
 70
0
  0
VERTEX
  5
839
  8
CUT
 10
309.0265174865723
 20
177.97851104736327
 30
0.0
 70
0
  0
VERTEX
  5
83A
  8
CUT
 10
306.8823251724243
 20
174.40113859176634
 30
0.0
 70
0
  0
VERTEX
  5
83B
  8
CUT
 10
306.50393829345705
 20
173.76983757019042
 30
0.0
 70
0
  0
VERTEX
  5
83C
  8
CUT
 10
304.7207099914551
 20
169.99952220916748
 30
0.0
 70
0
  0
VERTEX
  5
83D
  8
CUT
 10
304.406022644043
 20
169.33417243957518
 30
0.0
 70
0
  0
VERTEX
  5
83E
  8
CUT
 10
303.000940322876
 20
165.4072244167328
 30
0.0
 70
0
  0
VERTEX
  5
83F
  8
CUT
 10
302.75298461914065
 20
164.71423358917235
 30
0.0
 70
0
  0
VERTEX
  5
840
  8
CUT
 10
301.7395727157593
 20
160.6684733390808
 30
0.0
 70
0
  0
VERTEX
  5
841
  8
CUT
 10
301.56073532104494
 20
159.95451564788817
 30
0.0
 70
0
  0
VERTEX
  5
842
  8
CUT
 10
300.9487602233887
 20
155.82890577316283
 30
0.0
 70
0
  0
VERTEX
  5
843
  8
CUT
 10
300.84076461791994
 20
155.1008569717407
 30
0.0
 70
0
  0
VERTEX
  5
844
  8
CUT
 10
300.636114692688
 20
150.9351285457611
 30
0.0
 70
0
  0
VERTEX
  5
845
  8
CUT
 10
300.6
 20
150.2
 30
0.0
 70
0
  0
VERTEX
  5
846
  8
CUT
 10
300.80464992523196
 20
146.03427157402038
 30
0.0
 70
0
  0
VERTEX
  5
847
  8
CUT
 10
300.84076461791994
 20
145.29914302825927
 30
0.0
 70
0
  0
VERTEX
  5
848
  8
CUT
 10
301.4527397155762
 20
141.17353315353392
 30
0.0
 70
0
  0
VERTEX
  5
849
  8
CUT
 10
301.56073532104494
 20
140.4454843521118
 30
0.0
 70
0
  0
VERTEX
  5
84A
  8
CUT
 10
302.57414722442627
 20
136.39972410202026
 30
0.0
 70
0
  0
VERTEX
  5
84B
  8
CUT
 10
302.75298461914065
 20
135.68576641082763
 30
0.0
 70
0
  0
VERTEX
  5
84C
  8
CUT
 10
304.15806694030766
 20
131.75881838798523
 30
0.0
 70
0
  0
VERTEX
  5
84D
  8
CUT
 10
304.406022644043
 20
131.0658275604248
 30
0.0
 70
0
  0
VERTEX
  5
84E
  8
CUT
 10
306.1892509460449
 20
127.29551219940184
 30
0.0
 70
0
  0
VERTEX
  5
84F
  8
CUT
 10
306.50393829345705
 20
126.63016242980956
 30
0.0
 70
0
  0
VERTEX
  5
850
  8
CUT
 10
308.648130607605
 20
123.05278997421263
 30
0.0
 70
0
  0
VERTEX
  5
851
  8
CUT
 10
309.0265174865723
 20
122.42148895263671
 30
0.0
 70
0
  0
VERTEX
  5
852
  8
CUT
 10
311.5110321044922
 20
119.07150926589965
 30
0.0
 70
0
  0
VERTEX
  5
853
  8
CUT
 10
311.9494758605957
 20
118.48033638000487
 30
0.0
 70
0
  0
VERTEX
  5
854
  8
CUT
 10
314.75038318634034
 20
115.3900122642517
 30
0.0
 70
0
  0
VERTEX
  5
855
  8
CUT
 10
315.24466094970705
 20
114.84466094970702
 30
0.0
 70
0
  0
VERTEX
  5
856
  8
CUT
 10
318.3349850654602
 20
112.04375362396239
 30
0.0
 70
0
  0
VERTEX
  5
857
  8
CUT
 10
318.8803363800049
 20
111.54947586059569
 30
0.0
 70
0
  0
VERTEX
  5
858
  8
CUT
 10
322.230316066742
 20
109.06496124267576
 30
0.0
 70
0
  0
VERTEX
  5
859
  8
CUT
 10
322.82148895263674
 20
108.62651748657225
 30
0.0
 70
0
  0
VERTEX
  5
85A
  8
CUT
 10
326.39886140823364
 20
106.48232517242431
 30
0.0
 70
0
  0
VERTEX
  5
85B
  8
CUT
 10
327.0301624298096
 20
106.10393829345702
 30
0.0
 70
0
  0
VERTEX
  5
85C
  8
CUT
 10
330.80047779083253
 20
104.32070999145506
 30
0.0
 70
0
  0
VERTEX
  5
85D
  8
CUT
 10
331.4658275604248
 20
104.00602264404296
 30
0.0
 70
0
  0
VERTEX
  5
85E
  8
CUT
 10
335.3927755832672
 20
102.60094032287597
 30
0.0
 70
0
  0
VERTEX
  5
85F
  8
CUT
 10
336.08576641082766
 20
102.35298461914061
 30
0.0
 70
0
  0
VERTEX
  5
860
  8
CUT
 10
340.13152666091923
 20
101.33957271575926
 30
0.0
 70
0
  0
VERTEX
  5
861
  8
CUT
 10
340.84548435211184
 20
101.16073532104491
 30
0.0
 70
0
  0
VERTEX
  5
862
  8
CUT
 10
344.9710942268372
 20
100.54876022338865
 30
0.0
 70
0
  0
VERTEX
  5
863
  8
CUT
 10
345.6991430282593
 20
100.44076461791991
 30
0.0
 70
0
  0
VERTEX
  5
864
  8
CUT
 10
349.86487145423894
 20
100.23611469268798
 30
0.0
 70
0
  0
VERTEX
  5
865
  8
CUT
 10
350.6
 20
100.19999999999999
 30
0.0
 70
0
  0
VERTEX
  5
866
  8
CUT
 10
354.76572842597966
 20
100.40464992523192
 30
0.0
 70
0
  0
VERTEX
  5
867
  8
CUT
 10
355.50085697174075
 20
100.44076461791991
 30
0.0
 70
0
  0
VERTEX
  5
868
  8
CUT
 10
359.6264668464661
 20
101.05273971557617
 30
0.0
 70
0
  0
VERTEX
  5
869
  8
CUT
 10
360.3545156478882
 20
101.16073532104491
 30
0.0
 70
0
  0
VERTEX
  5
86A
  8
CUT
 10
364.4002758979798
 20
102.17414722442626
 30
0.0
 70
0
  0
VERTEX
  5
86B
  8
CUT
 10
365.1142335891724
 20
102.35298461914061
 30
0.0
 70
0
  0
VERTEX
  5
86C
  8
CUT
 10
369.0411816120148
 20
103.7580669403076
 30
0.0
 70
0
  0
VERTEX
  5
86D
  8
CUT
 10
369.7341724395752
 20
104.00602264404296
 30
0.0
 70
0
  0
VERTEX
  5
86E
  8
CUT
 10
373.50448780059816
 20
105.78925094604492
 30
0.0
 70
0
  0
VERTEX
  5
86F
  8
CUT
 10
374.16983757019045
 20
106.10393829345702
 30
0.0
 70
0
  0
VERTEX
  5
870
  8
CUT
 10
377.74721002578735
 20
108.24813060760496
 30
0.0
 70
0
  0
VERTEX
  5
871
  8
CUT
 10
378.3785110473633
 20
108.62651748657225
 30
0.0
 70
0
  0
VERTEX
  5
872
  8
CUT
 10
381.7284907341004
 20
111.11103210449218
 30
0.0
 70
0
  0
VERTEX
  5
873
  8
CUT
 10
382.31966361999514
 20
111.54947586059569
 30
0.0
 70
0
  0
VERTEX
  5
874
  8
CUT
 10
385.4099877357483
 20
114.35038318634032
 30
0.0
 70
0
  0
VERTEX
  5
875
  8
CUT
 10
385.955339050293
 20
114.84466094970702
 30
0.0
 70
0
  0
VERTEX
  5
876
  8
CUT
 10
388.7562463760376
 20
117.9349850654602
 30
0.0
 70
0
  0
VERTEX
  5
877
  8
CUT
 10
389.2505241394043
 20
118.48033638000487
 30
0.0
 70
0
  0
VERTEX
  5
878
  8
CUT
 10
391.7350387573242
 20
121.83031606674193
 30
0.0
 70
0
  0
VERTEX
  5
879
  8
CUT
 10
392.17348251342776
 20
122.42148895263671
 30
0.0
 70
0
  0
VERTEX
  5
87A
  8
CUT
 10
394.31767482757573
 20
125.99886140823364
 30
0.0
 70
0
  0
VERTEX
  5
87B
  8
CUT
 10
394.696061706543
 20
126.63016242980956
 30
0.0
 70
0
  0
VERTEX
  5
87C
  8
CUT
 10
396.4792900085449
 20
130.4004777908325
 30
0.0
 70
0
  0
VERTEX
  5
87D
  8
CUT
 10
396.79397735595705
 20
131.0658275604248
 30
0.0
 70
0
  0
VERTEX
  5
87E
  8
CUT
 10
398.19905967712407
 20
134.9927755832672
 30
0.0
 70
0
  0
VERTEX
  5
87F
  8
CUT
 10
398.4470153808594
 20
135.68576641082763
 30
0.0
 70
0
  0
VERTEX
  5
880
  8
CUT
 10
399.4604272842407
 20
139.73152666091917
 30
0.0
 70
0
  0
VERTEX
  5
881
  8
CUT
 10
399.6392646789551
 20
140.4454843521118
 30
0.0
 70
0
  0
VERTEX
  5
882
  8
CUT
 10
400.2512397766113
 20
144.57109422683715
 30
0.0
 70
0
  0
VERTEX
  5
883
  8
CUT
 10
400.3592353820801
 20
145.29914302825927
 30
0.0
 70
0
  0
VERTEX
  5
884
  8
CUT
 10
400.56388530731203
 20
149.46487145423887
 30
0.0
 70
0
  0
SEQEND
  5
804
  8
CUT
  0
POLYLINE
  5
885
  8
CUT
 66
1
 10
0.0
 20
0.0
 30
0.0
 70
1
  0
VERTEX
  5
887
  8
CUT
 10
341.6
 20
108.19999999999999
 30
0.0
 70
0
  0
VERTEX
  5
888
  8
CUT
 10
341.5423558412097
 20
107.6147290339516
 30
0.0
 70
0
  0
VERTEX
  5
889
  8
CUT
 10
341.3716385975339
 20
107.05194970290472
 30
0.0
 70
0
  0
VERTEX
  5
88A
  8
CUT
 10
341.09440883690763
 20
106.53328930094119
 30
0.0
 70
0
  0
VERTEX
  5
88B
  8
CUT
 10
340.7213203435597
 20
106.07867965644034
 30
0.0
 70
0
  0
VERTEX
  5
88C
  8
CUT
 10
340.2667106990588
 20
105.70559116309235
 30
0.0
 70
0
  0
VERTEX
  5
88D
  8
CUT
 10
339.7480502970953
 20
105.42836140246612
 30
0.0
 70
0
  0
VERTEX
  5
88E
  8
CUT
 10
339.1852709660484
 20
105.2576441587903
 30
0.0
 70
0
  0
VERTEX
  5
88F
  8
CUT
 10
338.6
 20
105.19999999999999
 30
0.0
 70
0
  0
VERTEX
  5
890
  8
CUT
 10
338.01472903395165
 20
105.2576441587903
 30
0.0
 70
0
  0
VERTEX
  5
891
  8
CUT
 10
337.45194970290476
 20
105.42836140246612
 30
0.0
 70
0
  0
VERTEX
  5
892
  8
CUT
 10
336.9332893009412
 20
105.70559116309235
 30
0.0
 70
0
  0
VERTEX
  5
893
  8
CUT
 10
336.47867965644036
 20
106.07867965644034
 30
0.0
 70
0
  0
VERTEX
  5
894
  8
CUT
 10
336.1055911630924
 20
106.53328930094119
 30
0.0
 70
0
  0
VERTEX
  5
895
  8
CUT
 10
335.82836140246616
 20
107.05194970290472
 30
0.0
 70
0
  0
VERTEX
  5
896
  8
CUT
 10
335.65764415879033
 20
107.6147290339516
 30
0.0
 70
0
  0
VERTEX
  5
897
  8
CUT
 10
335.6
 20
108.19999999999999
 30
0.0
 70
0
  0
VERTEX
  5
898
  8
CUT
 10
335.65764415879033
 20
108.78527096604837
 30
0.0
 70
0
  0
VERTEX
  5
899
  8
CUT
 10
335.82836140246616
 20
109.34805029709526
 30
0.0
 70
0
  0
VERTEX
  5
89A
  8
CUT
 10
336.1055911630924
 20
109.86671069905879
 30
0.0
 70
0
  0
VERTEX
  5
89B
  8
CUT
 10
336.47867965644036
 20
110.32132034355963
 30
0.0
 70
0
  0
VERTEX
  5
89C
  8
CUT
 10
336.9332893009412
 20
110.69440883690763
 30
0.0
 70
0
  0
VERTEX
  5
89D
  8
CUT
 10
337.45194970290476
 20
110.97163859753385
 30
0.0
 70
0
  0
VERTEX
  5
89E
  8
CUT
 10
338.01472903395165
 20
111.14235584120968
 30
0.0
 70
0
  0
VERTEX
  5
89F
  8
CUT
 10
338.6
 20
111.19999999999999
 30
0.0
 70
0
  0
VERTEX
  5
8A0
  8
CUT
 10
339.1852709660484
 20
111.14235584120968
 30
0.0
 70
0
  0
VERTEX
  5
8A1
  8
CUT
 10
339.7480502970953
 20
110.97163859753385
 30
0.0
 70
0
  0
VERTEX
  5
8A2
  8
CUT
 10
340.2667106990588
 20
110.69440883690763
 30
0.0
 70
0
  0
VERTEX
  5
8A3
  8
CUT
 10
340.7213203435597
 20
110.32132034355963
 30
0.0
 70
0
  0
VERTEX
  5
8A4
  8
CUT
 10
341.09440883690763
 20
109.86671069905879
 30
0.0
 70
0
  0
VERTEX
  5
8A5
  8
CUT
 10
341.3716385975339
 20
109.34805029709526
 30
0.0
 70
0
  0
VERTEX
  5
8A6
  8
CUT
 10
341.5423558412097
 20
108.78527096604837
 30
0.0
 70
0
  0
SEQEND
  5
886
  8
CUT
  0
POLYLINE
  5
8A7
  8
CUT
 66
1
 10
0.0
 20
0.0
 30
0.0
 70
1
  0
VERTEX
  5
8A9
  8
CUT
 10
365.6
 20
192.2
 30
0.0
 70
0
  0
VERTEX
  5
8AA
  8
CUT
 10
365.5423558412097
 20
191.61472903395162
 30
0.0
 70
0
  0
VERTEX
  5
8AB
  8
CUT
 10
365.3716385975339
 20
191.05194970290472
 30
0.0
 70
0
  0
VERTEX
  5
8AC
  8
CUT
 10
365.09440883690763
 20
190.5332893009412
 30
0.0
 70
0
  0
VERTEX
  5
8AD
  8
CUT
 10
364.7213203435597
 20
190.07867965644033
 30
0.0
 70
0
  0
VERTEX
  5
8AE
  8
CUT
 10
364.2667106990588
 20
189.70559116309235
 30
0.0
 70
0
  0
VERTEX
  5
8AF
  8
CUT
 10
363.7480502970953
 20
189.42836140246612
 30
0.0
 70
0
  0
VERTEX
  5
8B0
  8
CUT
 10
363.1852709660484
 20
189.2576441587903
 30
0.0
 70
0
  0
VERTEX
  5
8B1
  8
CUT
 10
362.6
 20
189.2
 30
0.0
 70
0
  0
VERTEX
  5
8B2
  8
CUT
 10
362.01472903395165
 20
189.2576441587903
 30
0.0
 70
0
  0
VERTEX
  5
8B3
  8
CUT
 10
361.45194970290476
 20
189.42836140246612
 30
0.0
 70
0
  0
VERTEX
  5
8B4
  8
CUT
 10
360.9332893009412
 20
189.70559116309235
 30
0.0
 70
0
  0
VERTEX
  5
8B5
  8
CUT
 10
360.47867965644036
 20
190.07867965644033
 30
0.0
 70
0
  0
VERTEX
  5
8B6
  8
CUT
 10
360.1055911630924
 20
190.5332893009412
 30
0.0
 70
0
  0
VERTEX
  5
8B7
  8
CUT
 10
359.82836140246616
 20
191.05194970290472
 30
0.0
 70
0
  0
VERTEX
  5
8B8
  8
CUT
 10
359.65764415879033
 20
191.61472903395162
 30
0.0
 70
0
  0
VERTEX
  5
8B9
  8
CUT
 10
359.6
 20
192.2
 30
0.0
 70
0
  0
VERTEX
  5
8BA
  8
CUT
 10
359.65764415879033
 20
192.78527096604836
 30
0.0
 70
0
  0
VERTEX
  5
8BB
  8
CUT
 10
359.82836140246616
 20
193.34805029709526
 30
0.0
 70
0
  0
VERTEX
  5
8BC
  8
CUT
 10
360.1055911630924
 20
193.86671069905879
 30
0.0
 70
0
  0
VERTEX
  5
8BD
  8
CUT
 10
360.47867965644036
 20
194.32132034355965
 30
0.0
 70
0
  0
VERTEX
  5
8BE
  8
CUT
 10
360.9332893009412
 20
194.69440883690763
 30
0.0
 70
0
  0
VERTEX
  5
8BF
  8
CUT
 10
361.45194970290476
 20
194.97163859753385
 30
0.0
 70
0
  0
VERTEX
  5
8C0
  8
CUT
 10
362.01472903395165
 20
195.14235584120968
 30
0.0
 70
0
  0
VERTEX
  5
8C1
  8
CUT
 10
362.6
 20
195.2
 30
0.0
 70
0
  0
VERTEX
  5
8C2
  8
CUT
 10
363.1852709660484
 20
195.14235584120968
 30
0.0
 70
0
  0
VERTEX
  5
8C3
  8
CUT
 10
363.7480502970953
 20
194.97163859753385
 30
0.0
 70
0
  0
VERTEX
  5
8C4
  8
CUT
 10
364.2667106990588
 20
194.69440883690763
 30
0.0
 70
0
  0
VERTEX
  5
8C5
  8
CUT
 10
364.7213203435597
 20
194.32132034355965
 30
0.0
 70
0
  0
VERTEX
  5
8C6
  8
CUT
 10
365.09440883690763
 20
193.86671069905879
 30
0.0
 70
0
  0
VERTEX
  5
8C7
  8
CUT
 10
365.3716385975339
 20
193.34805029709526
 30
0.0
 70
0
  0
VERTEX
  5
8C8
  8
CUT
 10
365.5423558412097
 20
192.78527096604836
 30
0.0
 70
0
  0
SEQEND
  5
8A8
  8
CUT
  0
POLYLINE
  5
8C9
  8
CUT
 66
1
 10
0.0
 20
0.0
 30
0.0
 70
1
  0
VERTEX
  5
8CB
  8
CUT
 10
395.6
 20
138.2
 30
0.0
 70
0
  0
VERTEX
  5
8CC
  8
CUT
 10
395.5423558412097
 20
137.61472903395162
 30
0.0
 70
0
  0
VERTEX
  5
8CD
  8
CUT
 10
395.3716385975339
 20
137.05194970290472
 30
0.0
 70
0
  0
VERTEX
  5
8CE
  8
CUT
 10
395.09440883690763
 20
136.5332893009412
 30
0.0
 70
0
  0
VERTEX
  5
8CF
  8
CUT
 10
394.7213203435597
 20
136.07867965644036
 30
0.0
 70
0
  0
VERTEX
  5
8D0
  8
CUT
 10
394.2667106990588
 20
135.70559116309235
 30
0.0
 70
0
  0
VERTEX
  5
8D1
  8
CUT
 10
393.7480502970953
 20
135.42836140246612
 30
0.0
 70
0
  0
VERTEX
  5
8D2
  8
CUT
 10
393.1852709660484
 20
135.2576441587903
 30
0.0
 70
0
  0
VERTEX
  5
8D3
  8
CUT
 10
392.6
 20
135.2
 30
0.0
 70
0
  0
VERTEX
  5
8D4
  8
CUT
 10
392.01472903395165
 20
135.2576441587903
 30
0.0
 70
0
  0
VERTEX
  5
8D5
  8
CUT
 10
391.45194970290476
 20
135.42836140246612
 30
0.0
 70
0
  0
VERTEX
  5
8D6
  8
CUT
 10
390.9332893009412
 20
135.70559116309235
 30
0.0
 70
0
  0
VERTEX
  5
8D7
  8
CUT
 10
390.47867965644036
 20
136.07867965644036
 30
0.0
 70
0
  0
VERTEX
  5
8D8
  8
CUT
 10
390.1055911630924
 20
136.5332893009412
 30
0.0
 70
0
  0
VERTEX
  5
8D9
  8
CUT
 10
389.82836140246616
 20
137.05194970290472
 30
0.0
 70
0
  0
VERTEX
  5
8DA
  8
CUT
 10
389.65764415879033
 20
137.6147290339516
 30
0.0
 70
0
  0
VERTEX
  5
8DB
  8
CUT
 10
389.6
 20
138.2
 30
0.0
 70
0
  0
VERTEX
  5
8DC
  8
CUT
 10
389.65764415879033
 20
138.7852709660484
 30
0.0
 70
0
  0
VERTEX
  5
8DD
  8
CUT
 10
389.82836140246616
 20
139.34805029709526
 30
0.0
 70
0
  0
VERTEX
  5
8DE
  8
CUT
 10
390.1055911630924
 20
139.86671069905879
 30
0.0
 70
0
  0
VERTEX
  5
8DF
  8
CUT
 10
390.47867965644036
 20
140.32132034355962
 30
0.0
 70
0
  0
VERTEX
  5
8E0
  8
CUT
 10
390.9332893009412
 20
140.69440883690763
 30
0.0
 70
0
  0
VERTEX
  5
8E1
  8
CUT
 10
391.45194970290476
 20
140.97163859753385
 30
0.0
 70
0
  0
VERTEX
  5
8E2
  8
CUT
 10
392.01472903395165
 20
141.14235584120968
 30
0.0
 70
0
  0
VERTEX
  5
8E3
  8
CUT
 10
392.6
 20
141.2
 30
0.0
 70
0
  0
VERTEX
  5
8E4
  8
CUT
 10
393.1852709660484
 20
141.14235584120968
 30
0.0
 70
0
  0
VERTEX
  5
8E5
  8
CUT
 10
393.7480502970953
 20
140.97163859753385
 30
0.0
 70
0
  0
VERTEX
  5
8E6
  8
CUT
 10
394.2667106990588
 20
140.69440883690763
 30
0.0
 70
0
  0
VERTEX
  5
8E7
  8
CUT
 10
394.7213203435597
 20
140.32132034355962
 30
0.0
 70
0
  0
VERTEX
  5
8E8
  8
CUT
 10
395.09440883690763
 20
139.86671069905879
 30
0.0
 70
0
  0
VERTEX
  5
8E9
  8
CUT
 10
395.3716385975339
 20
139.34805029709526
 30
0.0
 70
0
  0
VERTEX
  5
8EA
  8
CUT
 10
395.5423558412097
 20
138.7852709660484
 30
0.0
 70
0
  0
SEQEND
  5
8CA
  8
CUT
  0
POLYLINE
  5
8EB
  8
ENGRAVE
 66
1
 10
0.0
 20
0.0
 30
0.0
 70
0
  0
VERTEX
  5
8ED
  8
ENGRAVE
 10
366.6
 20
180.2
 30
0.0
 70
0
  0
VERTEX
  5
8EE
  8
ENGRAVE
 10
366.6
 20
189.2
 30
0.0
 70
0
  0
SEQEND
  5
8EC
  8
ENGRAVE
  0
POLYLINE
  5
8EF
  8
ENGRAVE
 66
1
 10
0.0
 20
0.0
 30
0.0
 70
0
  0
VERTEX
  5
8F1
  8
ENGRAVE
 10
366.6
 20
189.2
 30
0.0
 70
0
  0
VERTEX
  5
8F2
  8
ENGRAVE
 10
374.1
 20
189.2
 30
0.0
 70
0
  0
SEQEND
  5
8F0
  8
ENGRAVE
  0
POLYLINE
  5
8F3
  8
ENGRAVE
 66
1
 10
0.0
 20
0.0
 30
0.0
 70
0
  0
VERTEX
  5
8F5
  8
ENGRAVE
 10
374.1
 20
189.2
 30
0.0
 70
0
  0
VERTEX
  5
8F6
  8
ENGRAVE
 10
381.6
 20
189.2
 30
0.0
 70
0
  0
SEQEND
  5
8F4
  8
ENGRAVE
  0
POLYLINE
  5
8F7
  8
ENGRAVE
 66
1
 10
0.0
 20
0.0
 30
0.0
 70
0
  0
VERTEX
  5
8F9
  8
ENGRAVE
 10
381.6
 20
180.2
 30
0.0
 70
0
  0
VERTEX
  5
8FA
  8
ENGRAVE
 10
381.6
 20
189.2
 30
0.0
 70
0
  0
SEQEND
  5
8F8
  8
ENGRAVE
  0
POLYLINE
  5
8FB
  8
ENGRAVE
 66
1
 10
0.0
 20
0.0
 30
0.0
 70
0
  0
VERTEX
  5
8FD
  8
ENGRAVE
 10
366.6
 20
180.2
 30
0.0
 70
0
  0
VERTEX
  5
8FE
  8
ENGRAVE
 10
374.1
 20
180.2
 30
0.0
 70
0
  0
SEQEND
  5
8FC
  8
ENGRAVE
  0
POLYLINE
  5
8FF
  8
ENGRAVE
 66
1
 10
0.0
 20
0.0
 30
0.0
 70
0
  0
VERTEX
  5
901
  8
ENGRAVE
 10
374.1
 20
180.2
 30
0.0
 70
0
  0
VERTEX
  5
902
  8
ENGRAVE
 10
374.1
 20
189.2
 30
0.0
 70
0
  0
SEQEND
  5
900
  8
ENGRAVE
  0
POLYLINE
  5
903
  8
CUT
 66
1
 10
0.0
 20
0.0
 30
0.0
 70
1
  0
VERTEX
  5
905
  8
CUT
 10
500.8
 20
150.2
 30
0.0
 70
0
  0
VERTEX
  5
906
  8
CUT
 10
500.5712736129761
 20
154.85581412315366
 30
0.0
 70
0
  0
VERTEX
  5
907
  8
CUT
 10
500.5592353820801
 20
155.1008569717407
 30
0.0
 70
0
  0
VERTEX
  5
908
  8
CUT
 10
499.8752632141113
 20
159.7118327140808
 30
0.0
 70
0
  0
VERTEX
  5
909
  8
CUT
 10
499.8392646789551
 20
159.95451564788817
 30
0.0
 70
0
  0
VERTEX
  5
90A
  8
CUT
 10
498.70662784576416
 20
164.47624769210813
 30
0.0
 70
0
  0
VERTEX
  5
90B
  8
CUT
 10
498.6470153808594
 20
164.71423358917235
 30
0.0
 70
0
  0
VERTEX
  5
90C
  8
CUT
 10
497.07662925720217
 20
169.10317549705505
 30
0.0
 70
0
  0
VERTEX
  5
90D
  8
CUT
 10
496.99397735595704
 20
169.33417243957518
 30
0.0
 70
0
  0
VERTEX
  5
90E
  8
CUT
 10
495.0009574890137
 20
173.54805431365966
 30
0.0
 70
0
  0
VERTEX
  5
90F
  8
CUT
 10
494.896061706543
 20
173.76983757019042
 30
0.0
 70
0
  0
VERTEX
  5
910
  8
CUT
 10
492.4996114730835
 20
177.76807737350464
 30
0.0
 70
0
  0
VERTEX
  5
911
  8
CUT
 10
492.37348251342775
 20
177.97851104736327
 30
0.0
 70
0
  0
VERTEX
  5
912
  8
CUT
 10
489.59667205810547
 20
181.7226059913635
 30
0.0
 70
0
  0
VERTEX
  5
913
  8
CUT
 10
489.4505241394043
 20
181.9196636199951
 30
0.0
 70
0
  0
VERTEX
  5
914
  8
CUT
 10
486.32009830474857
 20
185.37355527877807
 30
0.0
 70
0
  0
VERTEX
  5
915
  8
CUT
 10
486.155339050293
 20
185.55533905029296
 30
0.0
 70
0
  0
VERTEX
  5
916
  8
CUT
 10
482.70144739151004
 20
188.68576488494872
 30
0.0
 70
0
  0
VERTEX
  5
917
  8
CUT
 10
482.51966361999513
 20
188.85052413940429
 30
0.0
 70
0
  0
VERTEX
  5
918
  8
CUT
 10
478.77556867599486
 20
191.62733459472656
 30
0.0
 70
0
  0
VERTEX
  5
919
  8
CUT
 10
478.5785110473633
 20
191.77348251342772
 30
0.0
 70
0
  0
VERTEX
  5
91A
  8
CUT
 10
474.5802712440491
 20
194.16993274688718
 30
0.0
 70
0
  0
VERTEX
  5
91B
  8
CUT
 10
474.36983757019044
 20
194.29606170654296
 30
0.0
 70
0
  0
VERTEX
  5
91C
  8
CUT
 10
470.155955696106
 20
196.28908157348633
 30
0.0
 70
0
  0
VERTEX
  5
91D
  8
CUT
 10
469.9341724395752
 20
196.39397735595702
 30
0.0
 70
0
  0
VERTEX
  5
91E
  8
CUT
 10
465.54523053169254
 20
197.96436347961424
 30
0.0
 70
0
  0
VERTEX
  5
91F
  8
CUT
 10
465.3142335891724
 20
198.04701538085936
 30
0.0
 70
0
  0
VERTEX
  5
920
  8
CUT
 10
460.7925015449524
 20
199.1796522140503
 30
0.0
 70
0
  0
VERTEX
  5
921
  8
CUT
 10
460.5545156478882
 20
199.23926467895507
 30
0.0
 70
0
  0
VERTEX
  5
922
  8
CUT
 10
455.9435399055481
 20
199.92323684692383
 30
0.0
 70
0
  0
VERTEX
  5
923
  8
CUT
 10
455.70085697174073
 20
199.95923538208007
 30
0.0
 70
0
  0
VERTEX
  5
924
  8
CUT
 10
451.04504284858706
 20
200.187961769104
 30
0.0
 70
0
  0
VERTEX
  5
925
  8
CUT
 10
450.8
 20
200.2
 30
0.0
 70
0
  0
VERTEX
  5
926
  8
CUT
 10
446.14418587684634
 20
199.97127361297606
 30
0.0
 70
0
  0
VERTEX
  5
927
  8
CUT
 10
445.8991430282593
 20
199.95923538208007
 30
0.0
 70
0
  0
VERTEX
  5
928
  8
CUT
 10
441.2881672859192
 20
199.2752632141113
 30
0.0
 70
0
  0
VERTEX
  5
929
  8
CUT
 10
441.0454843521118
 20
199.23926467895507
 30
0.0
 70
0
  0
VERTEX
  5
92A
  8
CUT
 10
436.52375230789187
 20
198.10662784576414
 30
0.0
 70
0
  0
VERTEX
  5
92B
  8
CUT
 10
436.28576641082765
 20
198.04701538085936
 30
0.0
 70
0
  0
VERTEX
  5
92C
  8
CUT
 10
431.896824502945
 20
196.47662925720215
 30
0.0
 70
0
  0
VERTEX
  5
92D
  8
CUT
 10
431.6658275604248
 20
196.39397735595702
 30
0.0
 70
0
  0
VERTEX
  5
92E
  8
CUT
 10
427.45194568634037
 20
194.40095748901365
 30
0.0
 70
0
  0
VERTEX
  5
92F
  8
CUT
 10
427.2301624298096
 20
194.29606170654296
 30
0.0
 70
0
  0
VERTEX
  5
930
  8
CUT
 10
423.23192262649536
 20
191.8996114730835
 30
0.0
 70
0
  0
VERTEX
  5
931
  8
CUT
 10
423.02148895263673
 20
191.77348251342772
 30
0.0
 70
0
  0
VERTEX
  5
932
  8
CUT
 10
419.27739400863646
 20
188.99667205810545
 30
0.0
 70
0
  0
VERTEX
  5
933
  8
CUT
 10
419.0803363800049
 20
188.85052413940429
 30
0.0
 70
0
  0
VERTEX
  5
934
  8
CUT
 10
415.62644472122196
 20
185.72009830474852
 30
0.0
 70
0
  0
VERTEX
  5
935
  8
CUT
 10
415.44466094970704
 20
185.55533905029296
 30
0.0
 70
0
  0
VERTEX
  5
936
  8
CUT
 10
412.3142351150513
 20
182.10144739151
 30
0.0
 70
0
  0
VERTEX
  5
937
  8
CUT
 10
412.1494758605957
 20
181.9196636199951
 30
0.0
 70
0
  0
VERTEX
  5
938
  8
CUT
 10
409.37266540527344
 20
178.17556867599487
 30
0.0
 70
0
  0
VERTEX
  5
939
  8
CUT
 10
409.2265174865723
 20
177.97851104736327
 30
0.0
 70
0
  0
VERTEX
  5
93A
  8
CUT
 10
406.8300672531128
 20
173.98027124404905
 30
0.0
 70
0
  0
VERTEX
  5
93B
  8
CUT
 10
406.70393829345704
 20
173.76983757019042
 30
0.0
 70
0
  0
VERTEX
  5
93C
  8
CUT
 10
404.7109184265137
 20
169.55595569610594
 30
0.0
 70
0
  0
VERTEX
  5
93D
  8
CUT
 10
404.606022644043
 20
169.33417243957518
 30
0.0
 70
0
  0
VERTEX
  5
93E
  8
CUT
 10
403.03563652038576
 20
164.9452305316925
 30
0.0
 70
0
  0
VERTEX
  5
93F
  8
CUT
 10
402.95298461914064
 20
164.71423358917235
 30
0.0
 70
0
  0
VERTEX
  5
940
  8
CUT
 10
401.8203477859497
 20
160.1925015449524
 30
0.0
 70
0
  0
VERTEX
  5
941
  8
CUT
 10
401.76073532104493
 20
159.95451564788817
 30
0.0
 70
0
  0
VERTEX
  5
942
  8
CUT
 10
401.0767631530762
 20
155.34353990554808
 30
0.0
 70
0
  0
VERTEX
  5
943
  8
CUT
 10
401.04076461791993
 20
155.1008569717407
 30
0.0
 70
0
  0
VERTEX
  5
944
  8
CUT
 10
400.812038230896
 20
150.445042848587
 30
0.0
 70
0
  0
VERTEX
  5
945
  8
CUT
 10
400.8
 20
150.2
 30
0.0
 70
0
  0
VERTEX
  5
946
  8
CUT
 10
401.02872638702394
 20
145.5441858768463
 30
0.0
 70
0
  0
VERTEX
  5
947
  8
CUT
 10
401.04076461791993
 20
145.29914302825927
 30
0.0
 70
0
  0
VERTEX
  5
948
  8
CUT
 10
401.7247367858887
 20
140.68816728591918
 30
0.0
 70
0
  0
VERTEX
  5
949
  8
CUT
 10
401.76073532104493
 20
140.4454843521118
 30
0.0
 70
0
  0
VERTEX
  5
94A
  8
CUT
 10
402.89337215423586
 20
135.92375230789185
 30
0.0
 70
0
  0
VERTEX
  5
94B
  8
CUT
 10
402.95298461914064
 20
135.68576641082763
 30
0.0
 70
0
  0
VERTEX
  5
94C
  8
CUT
 10
404.52337074279785
 20
131.29682450294493
 30
0.0
 70
0
  0
VERTEX
  5
94D
  8
CUT
 10
404.606022644043
 20
131.0658275604248
 30
0.0
 70
0
  0
VERTEX
  5
94E
  8
CUT
 10
406.59904251098635
 20
126.85194568634031
 30
0.0
 70
0
  0
VERTEX
  5
94F
  8
CUT
 10
406.70393829345704
 20
126.63016242980956
 30
0.0
 70
0
  0
VERTEX
  5
950
  8
CUT
 10
409.1003885269165
 20
122.63192262649535
 30
0.0
 70
0
  0
VERTEX
  5
951
  8
CUT
 10
409.2265174865723
 20
122.42148895263671
 30
0.0
 70
0
  0
VERTEX
  5
952
  8
CUT
 10
412.00332794189455
 20
118.67739400863647
 30
0.0
 70
0
  0
VERTEX
  5
953
  8
CUT
 10
412.1494758605957
 20
118.48033638000487
 30
0.0
 70
0
  0
VERTEX
  5
954
  8
CUT
 10
415.27990169525145
 20
115.0264447212219
 30
0.0
 70
0
  0
VERTEX
  5
955
  8
CUT
 10
415.44466094970704
 20
114.84466094970702
 30
0.0
 70
0
  0
VERTEX
  5
956
  8
CUT
 10
418.89855260849
 20
111.71423511505125
 30
0.0
 70
0
  0
VERTEX
  5
957
  8
CUT
 10
419.0803363800049
 20
111.54947586059569
 30
0.0
 70
0
  0
VERTEX
  5
958
  8
CUT
 10
422.82443132400516
 20
108.77266540527343
 30
0.0
 70
0
  0
VERTEX
  5
959
  8
CUT
 10
423.02148895263673
 20
108.62651748657225
 30
0.0
 70
0
  0
VERTEX
  5
95A
  8
CUT
 10
427.01972875595095
 20
106.23006725311278
 30
0.0
 70
0
  0
VERTEX
  5
95B
  8
CUT
 10
427.2301624298096
 20
106.10393829345702
 30
0.0
 70
0
  0
VERTEX
  5
95C
  8
CUT
 10
431.44404430389403
 20
104.11091842651366
 30
0.0
 70
0
  0
VERTEX
  5
95D
  8
CUT
 10
431.6658275604248
 20
104.00602264404296
 30
0.0
 70
0
  0
VERTEX
  5
95E
  8
CUT
 10
436.0547694683075
 20
102.43563652038573
 30
0.0
 70
0
  0
VERTEX
  5
95F
  8
CUT
 10
436.28576641082765
 20
102.35298461914061
 30
0.0
 70
0
  0
VERTEX
  5
960
  8
CUT
 10
440.8074984550476
 20
101.2203477859497
 30
0.0
 70
0
  0
VERTEX
  5
961
  8
CUT
 10
441.0454843521118
 20
101.16073532104491
 30
0.0
 70
0
  0
VERTEX
  5
962
  8
CUT
 10
445.6564600944519
 20
100.47676315307616
 30
0.0
 70
0
  0
VERTEX
  5
963
  8
CUT
 10
445.8991430282593
 20
100.44076461791991
 30
0.0
 70
0
  0
VERTEX
  5
964
  8
CUT
 10
450.55495715141296
 20
100.21203823089598
 30
0.0
 70
0
  0
VERTEX
  5
965
  8
CUT
 10
450.8
 20
100.19999999999999
 30
0.0
 70
0
  0
VERTEX
  5
966
  8
CUT
 10
455.4558141231537
 20
100.42872638702391
 30
0.0
 70
0
  0
VERTEX
  5
967
  8
CUT
 10
455.70085697174073
 20
100.44076461791991
 30
0.0
 70
0
  0
VERTEX
  5
968
  8
CUT
 10
460.3118327140808
 20
101.12473678588866
 30
0.0
 70
0
  0
VERTEX
  5
969
  8
CUT
 10
460.5545156478882
 20
101.16073532104491
 30
0.0
 70
0
  0
VERTEX
  5
96A
  8
CUT
 10
465.07624769210815
 20
102.29337215423583
 30
0.0
 70
0
  0
VERTEX
  5
96B
  8
CUT
 10
465.3142335891724
 20
102.35298461914061
 30
0.0
 70
0
  0
VERTEX
  5
96C
  8
CUT
 10
469.70317549705504
 20
103.92337074279784
 30
0.0
 70
0
  0
VERTEX
  5
96D
  8
CUT
 10
469.9341724395752
 20
104.00602264404296
 30
0.0
 70
0
  0
VERTEX
  5
96E
  8
CUT
 10
474.14805431365966
 20
105.99904251098631
 30
0.0
 70
0
  0
VERTEX
  5
96F
  8
CUT
 10
474.36983757019044
 20
106.10393829345702
 30
0.0
 70
0
  0
VERTEX
  5
970
  8
CUT
 10
478.36807737350466
 20
108.5003885269165
 30
0.0
 70
0
  0
VERTEX
  5
971
  8
CUT
 10
478.5785110473633
 20
108.62651748657225
 30
0.0
 70
0
  0
VERTEX
  5
972
  8
CUT
 10
482.32260599136356
 20
111.40332794189452
 30
0.0
 70
0
  0
VERTEX
  5
973
  8
CUT
 10
482.51966361999513
 20
111.54947586059569
 30
0.0
 70
0
  0
VERTEX
  5
974
  8
CUT
 10
485.97355527877806
 20
114.67990169525146
 30
0.0
 70
0
  0
VERTEX
  5
975
  8
CUT
 10
486.155339050293
 20
114.84466094970702
 30
0.0
 70
0
  0
VERTEX
  5
976
  8
CUT
 10
489.2857648849487
 20
118.29855260848998
 30
0.0
 70
0
  0
VERTEX
  5
977
  8
CUT
 10
489.4505241394043
 20
118.48033638000487
 30
0.0
 70
0
  0
VERTEX
  5
978
  8
CUT
 10
492.2273345947266
 20
122.22443132400511
 30
0.0
 70
0
  0
VERTEX
  5
979
  8
CUT
 10
492.37348251342775
 20
122.42148895263671
 30
0.0
 70
0
  0
VERTEX
  5
97A
  8
CUT
 10
494.7699327468872
 20
126.41972875595091
 30
0.0
 70
0
  0
VERTEX
  5
97B
  8
CUT
 10
494.896061706543
 20
126.63016242980956
 30
0.0
 70
0
  0
VERTEX
  5
97C
  8
CUT
 10
496.88908157348635
 20
130.84404430389404
 30
0.0
 70
0
  0
VERTEX
  5
97D
  8
CUT
 10
496.99397735595704
 20
131.0658275604248
 30
0.0
 70
0
  0
VERTEX
  5
97E
  8
CUT
 10
498.56436347961426
 20
135.4547694683075
 30
0.0
 70
0
  0
VERTEX
  5
97F
  8
CUT
 10
498.6470153808594
 20
135.68576641082763
 30
0.0
 70
0
  0
VERTEX
  5
980
  8
CUT
 10
499.7796522140503
 20
140.20749845504758
 30
0.0
 70
0
  0
VERTEX
  5
981
  8
CUT
 10
499.8392646789551
 20
140.4454843521118
 30
0.0
 70
0
  0
VERTEX
  5
982
  8
CUT
 10
500.52323684692385
 20
145.0564600944519
 30
0.0
 70
0
  0
VERTEX
  5
983
  8
CUT
 10
500.5592353820801
 20
145.29914302825927
 30
0.0
 70
0
  0
VERTEX
  5
984
  8
CUT
 10
500.787961769104
 20
149.95495715141297
 30
0.0
 70
0
  0
SEQEND
  5
904
  8
CUT
  0
POLYLINE
  5
985
  8
CUT
 66
1
 10
0.0
 20
0.0
 30
0.0
 70
1
  0
VERTEX
  5
987
  8
CUT
 10
441.8
 20
108.19999999999999
 30
0.0
 70
0
  0
VERTEX
  5
988
  8
CUT
 10
441.7423558412097
 20
107.6147290339516
 30
0.0
 70
0
  0
VERTEX
  5
989
  8
CUT
 10
441.5716385975339
 20
107.05194970290472
 30
0.0
 70
0
  0
VERTEX
  5
98A
  8
CUT
 10
441.2944088369076
 20
106.53328930094119
 30
0.0
 70
0
  0
VERTEX
  5
98B
  8
CUT
 10
440.92132034355967
 20
106.07867965644034
 30
0.0
 70
0
  0
VERTEX
  5
98C
  8
CUT
 10
440.4667106990588
 20
105.70559116309235
 30
0.0
 70
0
  0
VERTEX
  5
98D
  8
CUT
 10
439.9480502970953
 20
105.42836140246612
 30
0.0
 70
0
  0
VERTEX
  5
98E
  8
CUT
 10
439.3852709660484
 20
105.2576441587903
 30
0.0
 70
0
  0
VERTEX
  5
98F
  8
CUT
 10
438.8
 20
105.19999999999999
 30
0.0
 70
0
  0
VERTEX
  5
990
  8
CUT
 10
438.21472903395164
 20
105.2576441587903
 30
0.0
 70
0
  0
VERTEX
  5
991
  8
CUT
 10
437.65194970290474
 20
105.42836140246612
 30
0.0
 70
0
  0
VERTEX
  5
992
  8
CUT
 10
437.1332893009412
 20
105.70559116309235
 30
0.0
 70
0
  0
VERTEX
  5
993
  8
CUT
 10
436.67867965644035
 20
106.07867965644034
 30
0.0
 70
0
  0
VERTEX
  5
994
  8
CUT
 10
436.3055911630924
 20
106.53328930094119
 30
0.0
 70
0
  0
VERTEX
  5
995
  8
CUT
 10
436.02836140246615
 20
107.05194970290472
 30
0.0
 70
0
  0
VERTEX
  5
996
  8
CUT
 10
435.8576441587903
 20
107.6147290339516
 30
0.0
 70
0
  0
VERTEX
  5
997
  8
CUT
 10
435.8
 20
108.19999999999999
 30
0.0
 70
0
  0
VERTEX
  5
998
  8
CUT
 10
435.8576441587903
 20
108.78527096604837
 30
0.0
 70
0
  0
VERTEX
  5
999
  8
CUT
 10
436.02836140246615
 20
109.34805029709526
 30
0.0
 70
0
  0
VERTEX
  5
99A
  8
CUT
 10
436.3055911630924
 20
109.86671069905879
 30
0.0
 70
0
  0
VERTEX
  5
99B
  8
CUT
 10
436.67867965644035
 20
110.32132034355963
 30
0.0
 70
0
  0
VERTEX
  5
99C
  8
CUT
 10
437.1332893009412
 20
110.69440883690763
 30
0.0
 70
0
  0
VERTEX
  5
99D
  8
CUT
 10
437.65194970290474
 20
110.97163859753385
 30
0.0
 70
0
  0
VERTEX
  5
99E
  8
CUT
 10
438.21472903395164
 20
111.14235584120968
 30
0.0
 70
0
  0
VERTEX
  5
99F
  8
CUT
 10
438.8
 20
111.19999999999999
 30
0.0
 70
0
  0
VERTEX
  5
9A0
  8
CUT
 10
439.3852709660484
 20
111.14235584120968
 30
0.0
 70
0
  0
VERTEX
  5
9A1
  8
CUT
 10
439.9480502970953
 20
110.97163859753385
 30
0.0
 70
0
  0
VERTEX
  5
9A2
  8
CUT
 10
440.4667106990588
 20
110.69440883690763
 30
0.0
 70
0
  0
VERTEX
  5
9A3
  8
CUT
 10
440.92132034355967
 20
110.32132034355963
 30
0.0
 70
0
  0
VERTEX
  5
9A4
  8
CUT
 10
441.2944088369076
 20
109.86671069905879
 30
0.0
 70
0
  0
VERTEX
  5
9A5
  8
CUT
 10
441.5716385975339
 20
109.34805029709526
 30
0.0
 70
0
  0
VERTEX
  5
9A6
  8
CUT
 10
441.7423558412097
 20
108.78527096604837
 30
0.0
 70
0
  0
SEQEND
  5
986
  8
CUT
  0
POLYLINE
  5
9A7
  8
CUT
 66
1
 10
0.0
 20
0.0
 30
0.0
 70
1
  0
VERTEX
  5
9A9
  8
CUT
 10
465.8
 20
192.2
 30
0.0
 70
0
  0
VERTEX
  5
9AA
  8
CUT
 10
465.7423558412097
 20
191.61472903395162
 30
0.0
 70
0
  0
VERTEX
  5
9AB
  8
CUT
 10
465.5716385975339
 20
191.05194970290472
 30
0.0
 70
0
  0
VERTEX
  5
9AC
  8
CUT
 10
465.2944088369076
 20
190.5332893009412
 30
0.0
 70
0
  0
VERTEX
  5
9AD
  8
CUT
 10
464.92132034355967
 20
190.07867965644033
 30
0.0
 70
0
  0
VERTEX
  5
9AE
  8
CUT
 10
464.4667106990588
 20
189.70559116309235
 30
0.0
 70
0
  0
VERTEX
  5
9AF
  8
CUT
 10
463.9480502970953
 20
189.42836140246612
 30
0.0
 70
0
  0
VERTEX
  5
9B0
  8
CUT
 10
463.3852709660484
 20
189.2576441587903
 30
0.0
 70
0
  0
VERTEX
  5
9B1
  8
CUT
 10
462.8
 20
189.2
 30
0.0
 70
0
  0
VERTEX
  5
9B2
  8
CUT
 10
462.21472903395164
 20
189.2576441587903
 30
0.0
 70
0
  0
VERTEX
  5
9B3
  8
CUT
 10
461.65194970290474
 20
189.42836140246612
 30
0.0
 70
0
  0
VERTEX
  5
9B4
  8
CUT
 10
461.1332893009412
 20
189.70559116309235
 30
0.0
 70
0
  0
VERTEX
  5
9B5
  8
CUT
 10
460.67867965644035
 20
190.07867965644033
 30
0.0
 70
0
  0
VERTEX
  5
9B6
  8
CUT
 10
460.3055911630924
 20
190.5332893009412
 30
0.0
 70
0
  0
VERTEX
  5
9B7
  8
CUT
 10
460.02836140246615
 20
191.05194970290472
 30
0.0
 70
0
  0
VERTEX
  5
9B8
  8
CUT
 10
459.8576441587903
 20
191.61472903395162
 30
0.0
 70
0
  0
VERTEX
  5
9B9
  8
CUT
 10
459.8
 20
192.2
 30
0.0
 70
0
  0
VERTEX
  5
9BA
  8
CUT
 10
459.8576441587903
 20
192.78527096604836
 30
0.0
 70
0
  0
VERTEX
  5
9BB
  8
CUT
 10
460.02836140246615
 20
193.34805029709526
 30
0.0
 70
0
  0
VERTEX
  5
9BC
  8
CUT
 10
460.3055911630924
 20
193.86671069905879
 30
0.0
 70
0
  0
VERTEX
  5
9BD
  8
CUT
 10
460.67867965644035
 20
194.32132034355965
 30
0.0
 70
0
  0
VERTEX
  5
9BE
  8
CUT
 10
461.1332893009412
 20
194.69440883690763
 30
0.0
 70
0
  0
VERTEX
  5
9BF
  8
CUT
 10
461.65194970290474
 20
194.97163859753385
 30
0.0
 70
0
  0
VERTEX
  5
9C0
  8
CUT
 10
462.21472903395164
 20
195.14235584120968
 30
0.0
 70
0
  0
VERTEX
  5
9C1
  8
CUT
 10
462.8
 20
195.2
 30
0.0
 70
0
  0
VERTEX
  5
9C2
  8
CUT
 10
463.3852709660484
 20
195.14235584120968
 30
0.0
 70
0
  0
VERTEX
  5
9C3
  8
CUT
 10
463.9480502970953
 20
194.97163859753385
 30
0.0
 70
0
  0
VERTEX
  5
9C4
  8
CUT
 10
464.4667106990588
 20
194.69440883690763
 30
0.0
 70
0
  0
VERTEX
  5
9C5
  8
CUT
 10
464.92132034355967
 20
194.32132034355965
 30
0.0
 70
0
  0
VERTEX
  5
9C6
  8
CUT
 10
465.2944088369076
 20
193.86671069905879
 30
0.0
 70
0
  0
VERTEX
  5
9C7
  8
CUT
 10
465.5716385975339
 20
193.34805029709526
 30
0.0
 70
0
  0
VERTEX
  5
9C8
  8
CUT
 10
465.7423558412097
 20
192.78527096604836
 30
0.0
 70
0
  0
SEQEND
  5
9A8
  8
CUT
  0
POLYLINE
  5
9C9
  8
CUT
 66
1
 10
0.0
 20
0.0
 30
0.0
 70
1
  0
VERTEX
  5
9CB
  8
CUT
 10
495.8
 20
138.2
 30
0.0
 70
0
  0
VERTEX
  5
9CC
  8
CUT
 10
495.7423558412097
 20
137.61472903395162
 30
0.0
 70
0
  0
VERTEX
  5
9CD
  8
CUT
 10
495.5716385975339
 20
137.05194970290472
 30
0.0
 70
0
  0
VERTEX
  5
9CE
  8
CUT
 10
495.2944088369077
 20
136.5332893009412
 30
0.0
 70
0
  0
VERTEX
  5
9CF
  8
CUT
 10
494.92132034355967
 20
136.07867965644036
 30
0.0
 70
0
  0
VERTEX
  5
9D0
  8
CUT
 10
494.4667106990588
 20
135.70559116309235
 30
0.0
 70
0
  0
VERTEX
  5
9D1
  8
CUT
 10
493.9480502970953
 20
135.42836140246612
 30
0.0
 70
0
  0
VERTEX
  5
9D2
  8
CUT
 10
493.3852709660484
 20
135.2576441587903
 30
0.0
 70
0
  0
VERTEX
  5
9D3
  8
CUT
 10
492.8
 20
135.2
 30
0.0
 70
0
  0
VERTEX
  5
9D4
  8
CUT
 10
492.21472903395164
 20
135.2576441587903
 30
0.0
 70
0
  0
VERTEX
  5
9D5
  8
CUT
 10
491.65194970290474
 20
135.42836140246612
 30
0.0
 70
0
  0
VERTEX
  5
9D6
  8
CUT
 10
491.1332893009412
 20
135.70559116309235
 30
0.0
 70
0
  0
VERTEX
  5
9D7
  8
CUT
 10
490.67867965644035
 20
136.07867965644036
 30
0.0
 70
0
  0
VERTEX
  5
9D8
  8
CUT
 10
490.30559116309234
 20
136.5332893009412
 30
0.0
 70
0
  0
VERTEX
  5
9D9
  8
CUT
 10
490.02836140246615
 20
137.05194970290472
 30
0.0
 70
0
  0
VERTEX
  5
9DA
  8
CUT
 10
489.8576441587903
 20
137.6147290339516
 30
0.0
 70
0
  0
VERTEX
  5
9DB
  8
CUT
 10
489.8
 20
138.2
 30
0.0
 70
0
  0
VERTEX
  5
9DC
  8
CUT
 10
489.8576441587903
 20
138.7852709660484
 30
0.0
 70
0
  0
VERTEX
  5
9DD
  8
CUT
 10
490.02836140246615
 20
139.34805029709526
 30
0.0
 70
0
  0
VERTEX
  5
9DE
  8
CUT
 10
490.30559116309234
 20
139.86671069905879
 30
0.0
 70
0
  0
VERTEX
  5
9DF
  8
CUT
 10
490.67867965644035
 20
140.32132034355962
 30
0.0
 70
0
  0
VERTEX
  5
9E0
  8
CUT
 10
491.1332893009412
 20
140.69440883690763
 30
0.0
 70
0
  0
VERTEX
  5
9E1
  8
CUT
 10
491.65194970290474
 20
140.97163859753385
 30
0.0
 70
0
  0
VERTEX
  5
9E2
  8
CUT
 10
492.21472903395164
 20
141.14235584120968
 30
0.0
 70
0
  0
VERTEX
  5
9E3
  8
CUT
 10
492.8
 20
141.2
 30
0.0
 70
0
  0
VERTEX
  5
9E4
  8
CUT
 10
493.3852709660484
 20
141.14235584120968
 30
0.0
 70
0
  0
VERTEX
  5
9E5
  8
CUT
 10
493.9480502970953
 20
140.97163859753385
 30
0.0
 70
0
  0
VERTEX
  5
9E6
  8
CUT
 10
494.4667106990588
 20
140.69440883690763
 30
0.0
 70
0
  0
VERTEX
  5
9E7
  8
CUT
 10
494.92132034355967
 20
140.32132034355962
 30
0.0
 70
0
  0
VERTEX
  5
9E8
  8
CUT
 10
495.2944088369077
 20
139.86671069905879
 30
0.0
 70
0
  0
VERTEX
  5
9E9
  8
CUT
 10
495.5716385975339
 20
139.34805029709526
 30
0.0
 70
0
  0
VERTEX
  5
9EA
  8
CUT
 10
495.7423558412097
 20
138.7852709660484
 30
0.0
 70
0
  0
SEQEND
  5
9CA
  8
CUT
  0
POLYLINE
  5
9EB
  8
ENGRAVE
 66
1
 10
0.0
 20
0.0
 30
0.0
 70
0
  0
VERTEX
  5
9ED
  8
ENGRAVE
 10
466.8
 20
177.2
 30
0.0
 70
0
  0
VERTEX
  5
9EE
  8
ENGRAVE
 10
474.3
 20
177.2
 30
0.0
 70
0
  0
SEQEND
  5
9EC
  8
ENGRAVE
  0
POLYLINE
  5
9EF
  8
ENGRAVE
 66
1
 10
0.0
 20
0.0
 30
0.0
 70
0
  0
VERTEX
  5
9F1
  8
ENGRAVE
 10
474.3
 20
177.2
 30
0.0
 70
0
  0
VERTEX
  5
9F2
  8
ENGRAVE
 10
481.8
 20
177.2
 30
0.0
 70
0
  0
SEQEND
  5
9F0
  8
ENGRAVE
  0
POLYLINE
  5
9F3
  8
ENGRAVE
 66
1
 10
0.0
 20
0.0
 30
0.0
 70
0
  0
VERTEX
  5
9F5
  8
ENGRAVE
 10
466.8
 20
180.2
 30
0.0
 70
0
  0
VERTEX
  5
9F6
  8
ENGRAVE
 10
466.8
 20
189.2
 30
0.0
 70
0
  0
SEQEND
  5
9F4
  8
ENGRAVE
  0
POLYLINE
  5
9F7
  8
ENGRAVE
 66
1
 10
0.0
 20
0.0
 30
0.0
 70
0
  0
VERTEX
  5
9F9
  8
ENGRAVE
 10
466.8
 20
189.2
 30
0.0
 70
0
  0
VERTEX
  5
9FA
  8
ENGRAVE
 10
474.3
 20
189.2
 30
0.0
 70
0
  0
SEQEND
  5
9F8
  8
ENGRAVE
  0
POLYLINE
  5
9FB
  8
ENGRAVE
 66
1
 10
0.0
 20
0.0
 30
0.0
 70
0
  0
VERTEX
  5
9FD
  8
ENGRAVE
 10
474.3
 20
189.2
 30
0.0
 70
0
  0
VERTEX
  5
9FE
  8
ENGRAVE
 10
481.8
 20
189.2
 30
0.0
 70
0
  0
SEQEND
  5
9FC
  8
ENGRAVE
  0
POLYLINE
  5
9FF
  8
ENGRAVE
 66
1
 10
0.0
 20
0.0
 30
0.0
 70
0
  0
VERTEX
  5
A01
  8
ENGRAVE
 10
481.8
 20
180.2
 30
0.0
 70
0
  0
VERTEX
  5
A02
  8
ENGRAVE
 10
481.8
 20
189.2
 30
0.0
 70
0
  0
SEQEND
  5
A00
  8
ENGRAVE
  0
POLYLINE
  5
A03
  8
ENGRAVE
 66
1
 10
0.0
 20
0.0
 30
0.0
 70
0
  0
VERTEX
  5
A05
  8
ENGRAVE
 10
474.3
 20
180.2
 30
0.0
 70
0
  0
VERTEX
  5
A06
  8
ENGRAVE
 10
481.8
 20
180.2
 30
0.0
 70
0
  0
SEQEND
  5
A04
  8
ENGRAVE
  0
POLYLINE
  5
A07
  8
ENGRAVE
 66
1
 10
0.0
 20
0.0
 30
0.0
 70
0
  0
VERTEX
  5
A09
  8
ENGRAVE
 10
466.8
 20
180.2
 30
0.0
 70
0
  0
VERTEX
  5
A0A
  8
ENGRAVE
 10
474.3
 20
180.2
 30
0.0
 70
0
  0
SEQEND
  5
A08
  8
ENGRAVE
  0
ENDSEC
  0
EOF
